	Ligand_name	Ligand_pose	Ligand_occurrence_in_sdf	Interaction	Ligand_Atom	Ligand_X	Ligand_Y	Ligand_Z	Receptor_Residue_Name	Receptor_Number	Receptor_Chain	Receptor_Atom	Receptor_X	Receptor_Y	Receptor_Z	Distance
0	2EES	1	1	Lipophilic	9	-10.806	-12.161	5.268	U	21	A	C2	-8.721	-8.832	4.847	3.9505
1	2EES	1	1	HB	10	-10.778	-13.167	6.244	U	22	A	N3	-13.785	-13.297	4.275	3.59665
2	2EES	1	1	Lipophilic	5	-11.631	-11.283	7.11	U	22	A	C2	-14.123	-11.954	4.409	3.7357
3	2EES	1	1	Lipophilic	9	-10.806	-12.161	5.268	U	22	A	C2	-14.123	-11.954	4.409	3.4327
4	2EES	1	1	Lipophilic	9	-10.806	-12.161	5.268	U	22	A	C4	-13.255	-13.907	3.165	3.67
5	2EES	1	1	HB	10	-10.778	-13.167	6.244	U	47	A	O2	-9.392	-14.314	3.589	3.20712
6	2EES	1	1	HB	10	-10.778	-13.167	6.244	C	50	A	N4	-7.595	-14.08	8.17	3.83074
7	2EES	1	1	HB	10	-10.778	-13.167	6.244	U	51	A	N3	-10.148	-15.852	8.942	3.85815
8	2EES	1	1	HB	10	-10.778	-13.167	6.244	U	51	A	O4	-9.979	-16.037	6.683	3.01132
9	2EES	1	1	HB	10	-10.778	-13.167	6.244	A	52	A	N1	-13.975	-14.88	6.684	3.6536
10	2EES	1	1	Lipophilic	2	-11.928	-12.553	9.577	A	52	A	C2	-14.488	-14.276	7.798	3.5619
11	2EES	1	1	Lipophilic	4	-11.294	-12.61	7.383	A	52	A	C2	-14.488	-14.276	7.798	3.6262
12	2EES	1	1	HB	1	-12.287	-11.216	9.395	C	74	A	O2	-12.632	-11.768	12.816	3.48238
13	2EES	1	1	HB	1	-12.287	-11.216	9.395	C	74	A	N3	-12.745	-9.74	11.844	2.89585
14	2EES	1	1	HB	1	-12.287	-11.216	9.395	C	74	A	N4	-12.813	-7.707	10.82	3.82366
15	2EES	1	1	Lipophilic	2	-11.928	-12.553	9.577	C	74	A	C2	-12.696	-10.528	12.923	3.9857
16	2EES	1	1	HB	1	-12.287	-11.216	9.395	A	75	A	N1	-9.089	-9.398	8.383	3.81529
17	2EES	1	1	HB	1	-12.287	-11.216	9.395	A	75	A	N3	-8.72	-11.537	9.502	3.58301
18	2EES	1	1	Lipophilic	2	-11.928	-12.553	9.577	A	75	A	C2	-8.787	-10.724	8.434	3.8102
19	2EES	1	1	Lipophilic	4	-11.294	-12.61	7.383	A	75	A	C2	-8.787	-10.724	8.434	3.3086
20	2EES	1	1	Lipophilic	5	-11.631	-11.283	7.11	A	75	A	C2	-8.787	-10.724	8.434	3.1865
21	2EES	1	1	Lipophilic	6	-12.18	-10.477	8.169	A	75	A	C2	-8.787	-10.724	8.434	3.4123
22	2EES	1	1	Lipophilic	2	-11.928	-12.553	9.577	A	75	A	C4	-8.981	-10.843	10.633	3.5671
23	2EES	1	1	Lipophilic	6	-12.18	-10.477	8.169	A	75	A	C5	-9.294	-9.48	10.744	3.9942
24	2EES	1	1	Lipophilic	6	-12.18	-10.477	8.169	A	75	A	C6	-9.366	-8.739	9.544	3.5819
25	2EES	1	1	Pi_Stacking	1,6,5,4,3,2	-11.79017	-11.90717	8.3695	A	75	A	N1,C2,N3,C4,C5,C6	-9.0395	-10.12017	9.54	3.48276
