	Ligand_name	Ligand_pose	Ligand_occurrence_in_sdf	Interaction	Ligand_Atom	Ligand_X	Ligand_Y	Ligand_Z	Receptor_Residue_Name	Receptor_Number	Receptor_Chain	Receptor_Atom	Receptor_X	Receptor_Y	Receptor_Z	Distance
0	1FUF	1	1	HB	5	-2.479	-0.002	10.14	U	5	A	O4	-2.748	-0.1	13.313	3.18589
1	1FUF	1	1	HB	5	-2.479	-0.002	10.14	U	5	A	O4	-2.748	-0.1	13.313	3.18589
2	1FUF	1	1	HB	10	2.862	-2.387	10.227	U	6	A	O2	5.726	-1.682	12.342	3.62943
3	1FUF	1	1	HB	10	2.862	-2.387	10.227	U	6	A	O2	5.726	-1.682	12.342	3.62943
4	1FUF	1	1	CA	14	6.41	-4.708	8.18	U	7	A	OP2	6.402	-7.991	11.964	5.00967
5	1FUF	1	1	HB	10	2.862	-2.387	10.227	G	9	A	O6	0.908	-2.16	7.593	3.28749
6	1FUF	1	1	HB	10	2.862	-2.387	10.227	G	9	A	O6	0.908	-2.16	7.593	3.28749
7	1FUF	1	1	HB	10	2.862	-2.387	10.227	G	10	A	O6	3.963	-0.622	7.912	3.11234
8	1FUF	1	1	HB	10	2.862	-2.387	10.227	G	10	A	O6	3.963	-0.622	7.912	3.11234
9	1FUF	1	1	HB	14	6.41	-4.708	8.18	G	10	A	N7	3.774	-3.149	6.196	3.649
10	1FUF	1	1	HB	14	6.41	-4.708	8.18	G	10	A	N7	3.774	-3.149	6.196	3.649
11	1FUF	1	1	HB	14	6.41	-4.708	8.18	G	10	A	N7	3.774	-3.149	6.196	3.649
12	1FUF	1	1	CA	14	6.41	-4.708	8.18	G	10	A	OP2	5.382	-7.923	5.402	4.37153
13	1FUF	1	1	HB	14	6.41	-4.708	8.18	U	11	A	O4	6.92	-2.079	7.487	2.76622
14	1FUF	1	1	HB	14	6.41	-4.708	8.18	U	11	A	O4	6.92	-2.079	7.487	2.76622
15	1FUF	1	1	HB	14	6.41	-4.708	8.18	U	11	A	O4	6.92	-2.079	7.487	2.76622
16	1FUF	1	1	HB	10	2.862	-2.387	10.227	U	19	B	O4	3.608	0.612	11.372	3.29569
17	1FUF	1	1	HB	10	2.862	-2.387	10.227	U	19	B	O4	3.608	0.612	11.372	3.29569
18	1FUF	1	1	Lipophilic	8	1.006	-0.843	10.375	U	19	B	C4	3.657	1.709	10.799	3.7041
19	1FUF	1	1	HB	5	-2.479	-0.002	10.14	G	23	B	O6	-2.201	-2.233	8.608	2.7206
20	1FUF	1	1	HB	5	-2.479	-0.002	10.14	G	23	B	O6	-2.201	-2.233	8.608	2.7206
21	1FUF	1	1	HB	5	-2.479	-0.002	10.14	G	24	B	O6	-4.594	-2.26	11.046	3.22376
22	1FUF	1	1	HB	5	-2.479	-0.002	10.14	G	24	B	O6	-4.594	-2.26	11.046	3.22376
23	1FUF	1	1	HB	1	-7.054	1.06	9.215	G	24	B	N7	-5.551	-2.319	8.155	3.84711
24	1FUF	1	1	HB	1	-7.054	1.06	9.215	G	24	B	N7	-5.551	-2.319	8.155	3.84711
25	1FUF	1	1	HB	1	-7.054	1.06	9.215	G	24	B	N7	-5.551	-2.319	8.155	3.84711
26	1FUF	1	1	CA	1	-7.054	1.06	9.215	G	24	B	OP2	-8.247	0.064	4.71	4.76553
27	1FUF	1	1	HB	1	-7.054	1.06	9.215	U	25	B	O4	-7.668	-0.865	10.967	2.67435
28	1FUF	1	1	HB	1	-7.054	1.06	9.215	U	25	B	O4	-7.668	-0.865	10.967	2.67435
29	1FUF	1	1	HB	1	-7.054	1.06	9.215	U	25	B	O4	-7.668	-0.865	10.967	2.67435
