	Ligand_name	Ligand_pose	Ligand_occurrence_in_sdf	Interaction	Ligand_Atom	Ligand_X	Ligand_Y	Ligand_Z	Receptor_Residue_Name	Receptor_Number	Receptor_Chain	Receptor_Atom	Receptor_X	Receptor_Y	Receptor_Z	Distance
0	1P9X	1	1	Lipophilic	27	37.787	137.109	121.864	C	803	0	C2	39.132	139.531	119.234	3.8199
1	1P9X	1	1	Lipophilic	37	36.956	139.461	122.869	C	803	0	C6	38.644	141.725	120.137	3.9292
2	1P9X	1	1	HB	48	45.761	124.302	119.803	A	2041	0	N1	43.665	123.031	119.699	2.45346
3	1P9X	1	1	HB	48	45.761	124.302	119.803	A	2041	0	N6	43.715	121.727	117.752	3.876
4	1P9X	1	1	HB	53	47.162	122.875	117.367	A	2041	0	N6	43.715	121.727	117.752	3.65348
5	1P9X	1	1	Lipophilic	25	42.539	126.34	123.552	A	2041	0	C2	42.946	123.748	120.592	3.9555
6	1P9X	1	1	Lipophilic	58	46.532	121.891	118.246	A	2041	0	C6	43.021	122.456	118.657	3.5798
7	1P9X	1	1	CA	53	47.162	122.875	117.367	U	2483	0	OP2	43.32	120.355	115.027	5.15625
8	1P9X	1	1	HB	53	47.162	122.875	117.367	G	2484	0	OP2	46.827	119.109	117.466	3.78217
9	1P9X	1	1	CA	53	47.162	122.875	117.367	G	2484	0	OP2	46.827	119.109	117.466	3.78217
10	1P9X	1	1	Lipophilic	57	48.294	122.167	116.737	G	2484	0	C5'	49.662	119.189	116.553	3.2823
11	1P9X	1	1	Lipophilic	57	48.294	122.167	116.737	G	2484	0	C4'	50.995	119.87	116.738	3.5456
12	1P9X	1	1	Lipophilic	21	43.515	126.949	124.576	U	2590	0	C1'	43.171	124.184	126.739	3.5273
13	1P9X	1	1	Lipophilic	25	42.539	126.34	123.552	U	2590	0	C1'	43.171	124.184	126.739	3.8993
14	1P9X	1	1	Lipophilic	21	43.515	126.949	124.576	U	2590	0	C2	43.377	123.093	124.568	3.8585
15	1P9X	1	1	Lipophilic	25	42.539	126.34	123.552	U	2590	0	C2	43.377	123.093	124.568	3.5039
16	1P9X	1	1	Lipophilic	35	46.662	125.561	122.962	U	2590	0	C4	45.544	122.268	123.756	3.5671
17	1P9X	1	1	Lipophilic	35	46.662	125.561	122.962	U	2590	0	C5	46.085	122.649	124.999	3.6003
18	1P9X	1	1	Pi_Stacking	36,31,37,41,40	36.005	139.0698	122.2714	C	803	0	N1,C2,N3,C4,C5,C6	38.33317	140.66317	119.30767	4.09181
