	Ligand_name	Ligand_pose	Ligand_occurrence_in_sdf	Interaction	Ligand_Atom	Ligand_X	Ligand_Y	Ligand_Z	Receptor_Residue_Name	Receptor_Number	Receptor_Chain	Receptor_Atom	Receptor_X	Receptor_Y	Receptor_Z	Distance
0	2W89	1	1	HB	4	5.092	-6.229	-14.043	A	969	B	O2'	6.514	-7.779	-11.457	3.33346
1	2W89	1	1	HB	6	2.51	-7.464	-11.77	A	969	B	N3	3.081	-9.95	-10.475	2.86064
2	2W89	1	1	Lipophilic	5	3.804	-7.28	-12.275	A	969	B	C2'	6.443	-8.82	-10.543	3.5122
3	2W89	1	1	Lipophilic	5	3.804	-7.28	-12.275	A	969	B	C1'	6.013	-10.051	-11.301	3.6752
4	2W89	1	1	HB	6	2.51	-7.464	-11.77	U	970	B	O4'	5.064	-6.111	-9.403	3.7358
5	2W89	1	1	Lipophilic	1	3.898	-4.764	-12.493	U	970	B	C4'	5.867	-4.91	-9.152	3.8808
6	2W89	1	1	Lipophilic	1	3.898	-4.764	-12.493	U	970	B	C1'	3.818	-5.84	-8.755	3.8906
7	2W89	1	1	Lipophilic	5	3.804	-7.28	-12.275	U	970	B	C1'	3.818	-5.84	-8.755	3.8032
8	2W89	1	1	HB	2	4.702	-3.762	-13.125	A	903	C	O2'	6.58	-1.175	-11.363	3.65022
9	2W89	1	1	Water-mediated	2	4.702	-3.762	-13.125	HOH	2023	B	O	6.984	-3.582	-12.165	2.48224
10	HOH	0	1	Water-mediated	2023:B	6.984	-3.582	-12.165	A	903	C	O2'	6.58	-1.175	-11.363	2.5691
11	2W89	1	1	Water-mediated	2	4.702	-3.762	-13.125	HOH	2023	B	O	6.984	-3.582	-12.165	2.48224
12	HOH	0	1	Water-mediated	2023:B	6.984	-3.582	-12.165	A	903	C	O2'	6.58	-1.175	-11.363	2.5691
13	2W89	1	1	Water-mediated	2	4.702	-3.762	-13.125	HOH	2023	B	O	6.984	-3.582	-12.165	2.48224
14	HOH	0	1	Water-mediated	2023:B	6.984	-3.582	-12.165	A	903	C	N3	8.966	-2.858	-14.425	3.0919
15	2W89	1	1	Water-mediated	2	4.702	-3.762	-13.125	HOH	2023	B	O	6.984	-3.582	-12.165	2.48224
16	HOH	0	1	Water-mediated	2023:B	6.984	-3.582	-12.165	A	903	C	N3	8.966	-2.858	-14.425	3.0919
17	2W89	1	1	Water-mediated	2	4.702	-3.762	-13.125	HOH	2023	B	O	6.984	-3.582	-12.165	2.48224
18	HOH	0	1	Water-mediated	2023:B	6.984	-3.582	-12.165	U	904	C	O4'	9.13	-2.342	-9.796	3.4286
19	2W89	1	1	Water-mediated	2	4.702	-3.762	-13.125	HOH	2023	B	O	6.984	-3.582	-12.165	2.48224
20	HOH	0	1	Water-mediated	2023:B	6.984	-3.582	-12.165	U	904	C	O4'	9.13	-2.342	-9.796	3.4286
21	2W89	1	1	HB	4	5.092	-6.229	-14.043	G	971	D	O2'	5.588	-8.882	-14.594	2.75464
22	2W89	1	1	HB	2	4.702	-3.762	-13.125	G	971	D	N2	6.136	-3.148	-16.263	3.50434
23	2W89	1	1	HB	4	5.092	-6.229	-14.043	G	971	D	N3	7.161	-5.267	-16.039	3.03154
24	2W89	1	1	HB	4	5.092	-6.229	-14.043	C	972	D	O4'	3.837	-7.262	-17.075	3.44022
