	Ligand_name	Ligand_pose	Ligand_occurrence_in_sdf	Interaction	Ligand_Atom	Ligand_X	Ligand_Y	Ligand_Z	Receptor_Residue_Name	Receptor_Number	Receptor_Chain	Receptor_Atom	Receptor_X	Receptor_Y	Receptor_Z	Distance
0	1YI2	1	1	HB	17	63.695	129.874	95.47	A	2099	0	N1	61.689	131.303	94.366	2.69905
1	1YI2	1	1	HB	17	63.695	129.874	95.47	A	2099	0	N6	60.326	129.655	95.257	3.38282
2	1YI2	1	1	Lipophilic	47	62.782	132.212	88.864	A	2099	0	C2'	58.93	132.921	89.477	3.9644
3	1YI2	1	1	Lipophilic	45	65.381	133.331	94.317	A	2099	0	C2	61.849	132.307	93.501	3.7669
4	1YI2	1	1	HB	2	63.594	127.05	96.01	A	2100	0	N1	62.323	127.539	92.379	3.87798
5	1YI2	1	1	Lipophilic	47	62.782	132.212	88.864	A	2100	0	C1'	61.62	128.974	87.496	3.7022
6	1YI2	1	1	Lipophilic	37	64.404	128.971	94.606	A	2100	0	C2	63.168	127.697	91.361	3.6988
7	1YI2	1	1	Lipophilic	39	65.562	126.771	94.37	A	2100	0	C2	63.168	127.697	91.361	3.9551
8	1YI2	1	1	Lipophilic	46	66.142	130.057	90.502	A	2100	0	C2	63.168	127.697	91.361	3.8926
9	1YI2	1	1	Lipophilic	41	67.491	126.659	92.788	A	2103	0	C6	69.27	127.066	89.305	3.9321
10	1YI2	1	1	HB	2	63.594	127.05	96.01	A	2538	0	O2'	60.604	124.701	95.166	3.8949
11	1YI2	1	1	Lipophilic	43	63.691	125.614	96.216	A	2538	0	C8	63.981	123.153	93.636	3.5773
12	1YI2	1	1	CA	2	63.594	127.05	96.01	G	2540	0	OP2	59.612	126.871	98.604	4.75575
13	1YI2	1	1	Lipophilic	42	63.257	127.595	97.305	G	2540	0	C1'	65.477	127.282	100.496	3.8999
14	1YI2	1	1	Lipophilic	44	68.595	135.917	94.535	U	2645	0	C4'	70.675	137.471	97.254	3.7596
15	1YI2	1	1	Lipophilic	33	71.247	132.038	97.633	U	2645	0	C2	71.308	134.25	100.629	3.7246
16	1YI2	1	1	Lipophilic	51	67.638	139.494	91.648	G	2646	0	C4'	66.133	139.519	94.919	3.6007
17	1YI2	1	1	Lipophilic	4	67.528	135.316	93.577	G	2646	0	C1'	64.583	137.905	94.215	3.9728
18	1YI2	1	1	Lipophilic	49	64.068	136.826	90.576	G	2646	0	C1'	64.583	137.905	94.215	3.8304
19	1YI2	1	1	Lipophilic	50	66.474	138.897	90.855	G	2646	0	C1'	64.583	137.905	94.215	3.9811
20	1YI2	1	1	Lipophilic	45	65.381	133.331	94.317	G	2646	0	C5	62.751	135.393	96.05	3.7646
21	1YI2	1	1	Lipophilic	4	67.528	135.316	93.577	G	2646	0	C8	64.679	136.291	96.178	3.979
22	1YI2	1	1	Lipophilic	45	65.381	133.331	94.317	G	2646	0	C8	64.679	136.291	96.178	3.5662
23	1YI2	1	1	Pi_Cation	2	63.594	127.05	96.01	A	2538	0	C4,C5,N7,C8,N9	63.6872	123.5522	92.6428	4.85606
