	Ligand_name	Ligand_pose	Ligand_occurrence_in_sdf	Interaction	Ligand_Atom	Ligand_X	Ligand_Y	Ligand_Z	Receptor_Residue_Name	Receptor_Number	Receptor_Chain	Receptor_Atom	Receptor_X	Receptor_Y	Receptor_Z	Distance
0	1AJU	1	1	HB	11	-5.391	-3.809	-2.701	A	22	A	O3'	-8.56	-3.085	-3.339	3.31267
1	1AJU	1	1	HB	11	-5.391	-3.809	-2.701	A	22	A	O3'	-8.56	-3.085	-3.339	3.31267
2	1AJU	1	1	HB	10	-4.208	-2.324	-3.942	A	22	A	N3	-4.5	0.834	-4.453	3.21237
3	1AJU	1	1	HB	10	-4.208	-2.324	-3.942	A	22	A	N3	-4.5	0.834	-4.453	3.21237
4	1AJU	1	1	HB	8	-4.054	-2.296	-1.685	A	22	A	N7	-4.333	0.639	-0.874	3.05774
5	1AJU	1	1	Lipophilic	9	-4.549	-2.811	-2.777	A	22	A	C3'	-7.945	-1.879	-2.84	3.5221
6	1AJU	1	1	Lipophilic	9	-4.549	-2.811	-2.777	A	22	A	C2'	-7.363	-0.965	-3.92	3.5543
7	1AJU	1	1	Lipophilic	9	-4.549	-2.811	-2.777	A	22	A	C4	-4.709	0.72	-3.123	3.5515
8	1AJU	1	1	Lipophilic	7	-2.59	-2.363	-1.424	A	22	A	C5	-3.755	0.815	-2.122	3.456
9	1AJU	1	1	Lipophilic	9	-4.549	-2.811	-2.777	A	22	A	C5	-3.755	0.815	-2.122	3.7693
10	1AJU	1	1	Lipophilic	7	-2.59	-2.363	-1.424	A	22	A	C6	-2.428	1.06	-2.528	3.6003
11	1AJU	1	1	Lipophilic	9	-4.549	-2.811	-2.777	A	22	A	C8	-5.6	0.436	-1.139	3.7856
12	1AJU	1	1	HB	10	-4.208	-2.324	-3.942	U	23	A	O4'	-5.318	-3.46	-7.005	3.4503
13	1AJU	1	1	HB	10	-4.208	-2.324	-3.942	U	23	A	O4'	-5.318	-3.46	-7.005	3.4503
14	1AJU	1	1	Lipophilic	9	-4.549	-2.811	-2.777	U	23	A	C6	-3.749	-5.187	-5.621	3.7913
15	1AJU	1	1	HB	10	-4.208	-2.324	-3.942	G	26	A	O6	-1.153	-1.866	-4.417	3.12545
16	1AJU	1	1	HB	10	-4.208	-2.324	-3.942	G	26	A	O6	-1.153	-1.866	-4.417	3.12545
17	1AJU	1	1	HB	10	-4.208	-2.324	-3.942	G	26	A	N7	-3.07	-1.483	-6.814	3.20167
18	1AJU	1	1	HB	10	-4.208	-2.324	-3.942	G	26	A	N7	-3.07	-1.483	-6.814	3.20167
19	1AJU	1	1	HB	4	0.012	-5.515	0.029	C	37	A	 N4 	1.99	-7.732	-0.448	3.00917
20	1AJU	1	1	HB	4	0.012	-5.515	0.029	C	37	A	 N4 	1.99	-7.732	-0.448	3.00917
21	1AJU	1	1	CA	1	0.044	-3.063	2.645	U	38	A	OP2	4.815	-3.066	4.908	5.28049
22	1AJU	1	1	Pi_Cation	10	-4.208	-2.324	-3.942	A	22	A	N1,C2,N3,C4,C5,C6	-3.46367	0.94367	-3.466	3.38501
