	Ligand_name	Ligand_pose	Ligand_occurrence_in_sdf	Interaction	Ligand_Atom	Ligand_X	Ligand_Y	Ligand_Z	Receptor_Residue_Name	Receptor_Number	Receptor_Chain	Receptor_Atom	Receptor_X	Receptor_Y	Receptor_Z	Distance
0	1J5A	1	1	HB	17	45.032	119.005	118.496	A	2041	A	N1	42.524	118.142	117.661	2.78066
1	1J5A	1	1	Lipophilic	37	45.648	119.826	117.507	A	2041	A	C2	41.991	118.968	118.57	3.9038
2	1J5A	1	1	Lipophilic	45	44.32	120.86	120.86	A	2041	A	C2	41.991	118.968	118.57	3.7747
3	1J5A	1	1	Lipophilic	12	44.336	124.169	118.928	A	2042	A	C2	43.312	122.539	115.694	3.7635
4	1J5A	1	1	Lipophilic	36	46.031	121.092	118.241	A	2042	A	C2	43.312	122.539	115.694	3.9967
5	1J5A	1	1	Lipophilic	46	42.782	124.043	118.93	A	2042	A	C2	43.312	122.539	115.694	3.6076
6	1J5A	1	1	Lipophilic	52	43.988	124.793	116.581	A	2042	A	C2	43.312	122.539	115.694	2.5148
7	1J5A	1	1	Lipophilic	52	43.988	124.793	116.581	A	2042	A	C4	41.368	122.826	114.706	3.7748
8	1J5A	1	1	Lipophilic	43	45.688	117.763	115.058	A	2482	A	C2'	45.463	118.442	111.281	3.8441
9	1J5A	1	1	Lipophilic	41	48.666	122.328	115.903	A	2482	A	C2	46.134	123.103	113.077	3.8727
10	1J5A	1	1	HB	2	46.547	117.818	116.268	G	2484	A	OP2	46.5	115.037	113.765	3.74181
11	1J5A	1	1	CA	2	46.547	117.818	116.268	G	2484	A	OP2	46.5	115.037	113.765	3.74181
12	1J5A	1	1	CA	2	46.547	117.818	116.268	G	2484	A	OP1	47.108	113.636	115.829	4.24224
13	1J5A	1	1	Lipophilic	42	47.717	116.937	116.206	G	2484	A	C5'	49.936	114.084	115.166	3.761
14	1J5A	1	1	Lipophilic	42	47.717	116.937	116.206	G	2484	A	C4'	51.094	115.054	115.254	3.982
15	1J5A	1	1	Lipophilic	38	46.879	119.105	116.886	G	2484	A	C8	50.018	117.505	118.348	3.8145
16	1J5A	1	1	Lipophilic	42	47.717	116.937	116.206	G	2484	A	C8	50.018	117.505	118.348	3.1946
17	1J5A	1	1	HB	27	45.893	128.156	124.96	U	2588	A	N3	46.324	130.759	127.095	3.39405
18	1J5A	1	1	HB	27	45.893	128.156	124.96	U	2588	A	O4	46.733	131.725	125.098	3.66912
19	1J5A	1	1	Lipophilic	51	47.12	124.61	126.99	U	2588	A	C3'	49.675	126.84	128.75	3.8208
20	1J5A	1	1	Lipophilic	50	46.35	125.719	126.437	U	2588	A	C2'	48.227	127.149	129.131	3.5813
21	1J5A	1	1	Lipophilic	51	47.12	124.61	126.99	U	2588	A	C2'	48.227	127.149	129.131	3.5008
22	1J5A	1	1	Lipophilic	51	47.12	124.61	126.99	C	2589	A	C5'	48.73	122.682	129.108	3.2856
23	1J5A	1	1	Lipophilic	51	47.12	124.61	126.99	C	2589	A	C4'	48.884	121.846	127.851	3.3901
24	1J5A	1	1	Lipophilic	44	45.641	120.986	123.719	U	2590	A	C6	44.357	118.134	125.469	3.584
