	Ligand_name	Ligand_pose	Ligand_occurrence_in_sdf	Interaction	Ligand_Atom	Ligand_X	Ligand_Y	Ligand_Z	Receptor_Residue_Name	Receptor_Number	Receptor_Chain	Receptor_Atom	Receptor_X	Receptor_Y	Receptor_Z	Distance
0	1ET4	1	1	HB	79	50.217	86.7	60.194	A	314	B	N7	47.554	84.891	58.014	3.88799
1	1ET4	1	1	HB	79	50.217	86.7	60.194	A	314	B	N7	47.554	84.891	58.014	3.88799
2	1ET4	1	1	Lipophilic	73	54.04	83.424	56.553	A	314	B	C4'	51.28	84.53	54.263	3.753
3	1ET4	1	1	Lipophilic	81	49.77	80.145	60.839	A	314	B	C2	47.384	80.884	58.099	3.7077
4	1ET4	1	1	Lipophilic	80	50.343	83.524	59.694	A	314	B	C4	47.995	82.797	57.213	3.4924
5	1ET4	1	1	Lipophilic	80	50.343	83.524	59.694	A	314	B	C5	47.394	83.528	58.231	3.292
6	1ET4	1	1	Lipophilic	80	50.343	83.524	59.694	A	314	B	C6	46.766	82.789	59.261	3.6773
7	1ET4	1	1	Lipophilic	80	50.343	83.524	59.694	A	314	B	C8	48.263	84.952	56.907	3.7594
8	1ET4	1	1	HB	67	60.543	79.158	57.687	A	316	B	N3	59.631	75.969	57.568	3.31898
9	1ET4	1	1	HB	67	60.543	79.158	57.687	A	316	B	N3	59.631	75.969	57.568	3.31898
10	1ET4	1	1	Lipophilic	64	58.35	79.719	58.608	A	316	B	C4	58.432	76.394	57.138	3.6364
11	1ET4	1	1	Lipophilic	64	58.35	79.719	58.608	A	316	B	C5	57.25	76.4	57.854	3.5769
12	1ET4	1	1	Lipophilic	62	58.173	78.125	61.905	A	316	B	C6	57.297	75.914	59.176	3.6199
13	1ET4	1	1	Lipophilic	64	58.35	79.719	58.608	A	316	B	C6	57.297	75.914	59.176	3.9887
14	1ET4	1	1	Lipophilic	64	58.35	79.719	58.608	A	316	B	C8	56.786	77.198	55.939	3.9906
15	1ET4	1	1	HB	56	53.145	74.8	62.666	A	317	B	N6	54.81	72.798	59.814	3.86188
16	1ET4	1	1	HB	56	53.145	74.8	62.666	A	317	B	N6	54.81	72.798	59.814	3.86188
17	1ET4	1	1	HB	56	53.145	74.8	62.666	C	329	B	O2	52.745	72.169	61.705	2.82943
18	1ET4	1	1	HB	56	53.145	74.8	62.666	C	329	B	O2	52.745	72.169	61.705	2.82943
19	1ET4	1	1	HB	56	53.145	74.8	62.666	C	329	B	N3	50.989	72.851	60.459	3.64935
20	1ET4	1	1	HB	56	53.145	74.8	62.666	C	329	B	N3	50.989	72.851	60.459	3.64935
21	1ET4	1	1	HB	56	53.145	74.8	62.666	G	330	B	N7	50.421	75.923	62.284	2.97107
22	1ET4	1	1	HB	56	53.145	74.8	62.666	G	330	B	N7	50.421	75.923	62.284	2.97107
23	1ET4	1	1	Lipophilic	81	49.77	80.145	60.839	G	330	B	C5	49.559	76.303	61.264	3.8712
24	1ET4	1	1	Lipophilic	87	50.394	79.242	63.68	G	330	B	C5	49.559	76.303	61.264	3.8951
25	1ET4	1	1	Lipophilic	81	49.77	80.145	60.839	G	330	B	C6	49.841	76.786	59.972	3.4698
26	1ET4	1	1	Lipophilic	87	50.394	79.242	63.68	G	330	B	C8	49.63	75.577	63.26	3.7673
27	1ET4	1	1	Pi_Cation	49	56.48	81.341	60.46	A	316	B	C4,C5,N7,C8,N9	57.3606	76.7596	56.7826	5.94037
