	Ligand_name	Ligand_pose	Ligand_occurrence_in_sdf	Interaction	Ligand_Atom	Ligand_X	Ligand_Y	Ligand_Z	Receptor_Residue_Name	Receptor_Number	Receptor_Chain	Receptor_Atom	Receptor_X	Receptor_Y	Receptor_Z	Distance
0	1K01	1	1	HB	11	53.142	120.166	111.99	G	2044	A	N2	51.923	122.134	110.149	2.95775
1	1K01	1	1	HAL	3	58.873	120.36	111.12	A	2430	A	O3'	61.882	118.803	106.916	3.94838
2	1K01	1	1	Lipophilic	2	59.028	119.905	109.412	A	2430	A	C3'	60.584	119.034	106.376	3.5209
3	1K01	1	1	Lipophilic	2	59.028	119.905	109.412	A	2430	A	C2'	59.752	119.917	107.301	2.2317
4	1K01	1	1	Lipophilic	3	58.873	120.36	111.12	A	2430	A	C2'	59.752	119.917	107.301	3.9438
5	1K01	1	1	Lipophilic	2	59.028	119.905	109.412	A	2430	A	C1'	58.781	120.57	106.313	3.1792
6	1K01	1	1	Lipophilic	10	54.178	119.372	111.406	A	2430	A	C2	54.909	121.169	108.226	3.725
7	1K01	1	1	Lipophilic	2	59.028	119.905	109.412	A	2430	A	C4	56.342	120.187	106.876	3.7048
8	1K01	1	1	Ion-mediated	18	51.761	113.59	109.496	MG	2883	A	MG	52.11	112.857	107.128	2.5033
9	MG	0	1	Ion-mediated	2883:A	52.11	112.857	107.128	C	2431	A	N4	54.547	114.159	105.827	3.054
10	1K01	1	1	Lipophilic	19	53.709	115.528	110.756	C	2431	A	C2	56.148	113.763	108.95	3.5108
11	1K01	1	1	Lipophilic	14	51.464	116.52	111.269	U	2483	A	C2	48.934	114.139	109.709	3.8084
12	1K01	1	1	Lipophilic	15	52.263	115.441	110.946	U	2483	A	C2	48.934	114.139	109.709	3.7825
13	1K01	1	1	HB	9	54.872	117.487	113.905	G	2484	A	O2'	53.304	116.899	115.726	2.47395
14	1K01	1	1	Lipophilic	14	51.464	116.52	111.269	G	2484	A	C4'	50.698	115.624	114.965	3.8794
15	1K01	1	1	HB	9	54.872	117.487	113.905	U	2485	A	O4'	57.228	116.713	115.362	2.87622
16	1K01	1	1	CA	16	51.75	114.049	110.754	U	2485	A	OP1	53.464	111.903	115.216	5.23952
17	1K01	1	1	Lipophilic	8	55.806	117.962	112.87	U	2485	A	C4'	56.977	115.292	115.527	3.9446
18	1K01	1	1	Pi_Anion	18	51.761	113.59	109.496	A	2432	A	N1,C2,N3,C4,C5,C6	54.16217	110.43467	106.0295	5.26672
19	1K01	1	1	Pi_Anion	18	51.761	113.59	109.496	U	2483	A	N1,C2,N3,C4,C5,C6	48.723	113.42317	108.49733	3.20228
