	Ligand_name	Ligand_pose	Ligand_occurrence_in_sdf	Interaction	Ligand_Atom	Ligand_X	Ligand_Y	Ligand_Z	Receptor_Residue_Name	Receptor_Number	Receptor_Chain	Receptor_Atom	Receptor_X	Receptor_Y	Receptor_Z	Distance
0	2B57	1	1	Water-mediated	2	-36.139	-21.44	9.963	HOH	432	A	O	-36.721	-22.959	7.74	2.7546
1	HOH	0	1	Water-mediated	432:A	-36.721	-22.959	7.74	G	32	A	O6	-36.591	-24.619	9.851	2.6886
2	2B57	1	1	Water-mediated	2	-36.139	-21.44	9.963	HOH	432	A	O	-36.721	-22.959	7.74	2.7546
3	HOH	0	1	Water-mediated	432:A	-36.721	-22.959	7.74	A	65	A	O2'	-39.531	-22.975	6.073	3.2673
4	2B57	1	1	Lipophilic	3	-36.004	-19.164	9.389	A	66	A	C5	-39.696	-18.449	8.237	3.9331
5	2B57	1	1	Water-mediated	2	-36.139	-21.44	9.963	HOH	432	A	O	-36.721	-22.959	7.74	2.7546
6	HOH	0	1	Water-mediated	432:A	-36.721	-22.959	7.74	U	67	A	OP2	-34.419	-21.18	5.835	3.4775
7	2B57	1	1	Lipophilic	3	-36.004	-19.164	9.389	U	67	A	C6	-36.124	-15.323	8.494	3.9457
8	2B57	1	1	Pi_Anion	4	-36.372	-19.881	11.682	A	33	A	N1,C2,N3,C4,C5,C6	-39.3965	-20.72817	13.07217	3.4348
