	Ligand_name	Ligand_pose	Ligand_occurrence_in_sdf	Interaction	Ligand_Atom	Ligand_X	Ligand_Y	Ligand_Z	Receptor_Residue_Name	Receptor_Number	Receptor_Chain	Receptor_Atom	Receptor_X	Receptor_Y	Receptor_Z	Distance
0	3FO6	1	1	Lipophilic	11	10.908	12.196	4.873	A	21	A	C2'	9.837	10.057	1.918	3.8019
1	3FO6	1	1	Lipophilic	5	11.089	12.386	7.013	A	21	A	C2	8.474	10.201	6.885	3.4101
2	3FO6	1	1	Lipophilic	6	11.575	11.144	6.626	A	21	A	C2	8.474	10.201	6.885	3.2515
3	3FO6	1	1	Lipophilic	7	12.041	10.278	7.609	A	21	A	C2	8.474	10.201	6.885	3.6405
4	3FO6	1	1	Lipophilic	11	10.908	12.196	4.873	A	21	A	C2	8.474	10.201	6.885	3.7353
5	3FO6	1	1	Lipophilic	6	11.575	11.144	6.626	A	21	A	C4	8.81	8.981	5.081	3.8355
6	3FO6	1	1	Lipophilic	11	10.908	12.196	4.873	A	21	A	C4	8.81	8.981	5.081	3.8446
7	3FO6	1	1	Lipophilic	6	11.575	11.144	6.626	A	21	A	C6	9.2	8.029	7.229	3.9633
8	3FO6	1	1	Lipophilic	7	12.041	10.278	7.609	A	21	A	C6	9.2	8.029	7.229	3.6433
9	3FO6	1	1	Lipophilic	8	12.964	8.307	8.386	A	21	A	C6	9.2	8.029	7.229	3.9476
10	3FO6	1	1	Lipophilic	6	11.575	11.144	6.626	U	22	A	C2	14.188	12.076	4.183	3.6966
11	3FO6	1	1	Lipophilic	11	10.908	12.196	4.873	U	22	A	C2	14.188	12.076	4.183	3.3539
12	3FO6	1	1	Lipophilic	11	10.908	12.196	4.873	U	22	A	C4	13.147	14.035	3.126	3.3833
13	3FO6	1	1	Lipophilic	11	10.908	12.196	4.873	U	22	A	C5	12.974	13.248	1.942	3.7371
14	3FO6	1	1	Lipophilic	11	10.908	12.196	4.873	U	22	A	C6	13.376	11.975	1.927	3.8495
15	3FO6	1	1	Lipophilic	11	10.908	12.196	4.873	U	47	A	C2	9.562	15.24	2.881	3.8789
16	3FO6	1	1	HB	3	11.468	12.21	10.531	U	51	A	O2	10.043	14.892	10.964	3.06777
17	3FO6	1	1	HB	3	11.468	12.21	10.531	A	52	A	N3	14.298	14.23	9.08	3.76759
18	3FO6	1	1	Lipophilic	2	11.525	11.871	9.245	A	52	A	C2	14.272	13.904	7.787	3.7155
19	3FO6	1	1	Lipophilic	5	11.089	12.386	7.013	A	52	A	C2	14.272	13.904	7.787	3.6104
20	3FO6	1	1	HB	3	11.468	12.21	10.531	C	74	A	O2	12.666	12.586	13.723	3.43008
21	3FO6	1	1	HB	3	11.468	12.21	10.531	C	74	A	N3	12.563	10.678	12.496	2.72163
22	3FO6	1	1	HB	3	11.468	12.21	10.531	C	74	A	N4	12.44	8.732	11.302	3.69266
23	3FO6	1	1	HB	3	11.468	12.21	10.531	U	75	A	O2	8.247	11.92	10.122	3.25979
24	3FO6	1	1	HB	3	11.468	12.21	10.531	U	75	A	N3	8.804	9.775	10.607	3.60997
25	3FO6	1	1	Lipophilic	2	11.525	11.871	9.245	U	75	A	C2	8.528	11.072	10.955	3.5418
