	Ligand_name	Ligand_pose	Ligand_occurrence_in_sdf	Interaction	Ligand_Atom	Ligand_X	Ligand_Y	Ligand_Z	Receptor_Residue_Name	Receptor_Number	Receptor_Chain	Receptor_Atom	Receptor_X	Receptor_Y	Receptor_Z	Distance
0	1JZX	1	1	HB	9	46.207	119.551	118.645	A	2041	A	N1	43.464	118.456	117.926	3.03974
1	1JZX	1	1	HB	13	46.461	118.177	116.171	A	2041	A	N1	43.464	118.456	117.926	3.48423
2	1JZX	1	1	HB	13	46.461	118.177	116.171	A	2041	A	N6	43.249	117.071	116.091	3.39803
3	1JZX	1	1	Lipophilic	24	53.861	120.321	111.813	A	2430	A	C2	54.809	121.094	108.322	3.6991
4	1JZX	1	1	Lipophilic	27	52.671	113.274	110.352	C	2431	A	C2	56.164	114.505	109.394	3.8255
5	1JZX	1	1	HB	15	47.249	120.351	114.61	A	2482	A	N3	46.192	121.966	112.354	2.96901
6	1JZX	1	1	Lipophilic	25	52.609	115.721	110.974	U	2483	A	C2	49.584	114.051	109.835	3.6382
7	1JZX	1	1	Lipophilic	26	52.701	114.286	111.451	U	2483	A	C2	49.584	114.051	109.835	3.5189
8	1JZX	1	1	Lipophilic	27	52.671	113.274	110.352	U	2483	A	C2	49.584	114.051	109.835	3.225
9	1JZX	1	1	HB	13	46.461	118.177	116.171	G	2484	A	OP1	46.871	115.088	115.89	3.12873
10	1JZX	1	1	HB	13	46.461	118.177	116.171	G	2484	A	OP2	46.354	116.211	113.641	3.20585
11	1JZX	1	1	Lipophilic	21	51.468	117.6	112.284	G	2484	A	C4'	50.79	115.323	115.243	3.7947
12	1JZX	1	1	HB	9	46.207	119.551	118.645	U	2590	A	O4	44.588	118.152	121.582	3.63378
