	Ligand_name	Ligand_pose	Ligand_occurrence_in_sdf	Interaction	Ligand_Atom	Ligand_X	Ligand_Y	Ligand_Z	Receptor_Residue_Name	Receptor_Number	Receptor_Chain	Receptor_Atom	Receptor_X	Receptor_Y	Receptor_Z	Distance
0	1VQN	1	1	Lipophilic	17	72.534	124.483	94.072	A	2103	0	C2	72.955	125.005	90.58	3.5558
1	1VQN	1	1	Lipophilic	10	70.759	124.727	94.442	A	2103	0	C6	70.891	125.986	90.948	3.7163
2	1VQN	1	1	Lipophilic	17	72.534	124.483	94.072	A	2103	0	C6	70.891	125.986	90.948	3.8364
3	1VQN	1	1	Lipophilic	3	69.678	120.376	97.483	A	2486	0	C2	68.71	116.651	97.761	3.8587
4	1VQN	1	1	HB	8	65.998	125.09	97.087	G	2540	0	O4'	64.774	125.439	100.208	3.37055
5	1VQN	1	1	Lipophilic	7	67.206	124.377	97.742	G	2540	0	C1'	66.014	125.82	100.774	3.5632
6	1VQN	1	1	Lipophilic	21	67.357	127.29	97.552	G	2540	0	C1'	66.014	125.82	100.774	3.7876
7	1VQN	1	1	Lipophilic	21	67.357	127.29	97.552	G	2540	0	C4	66.996	128.13	101.102	3.6658
8	1VQN	1	1	HB	12	72.191	125.022	97.42	U	2541	0	N3	70.889	123.507	100.712	3.85067
9	1VQN	1	1	HB	12	72.191	125.022	97.42	U	2541	0	O4	70.536	125.526	99.764	2.91331
10	1VQN	1	1	HB	9	73.351	123.57	96.231	U	2620	0	O2	75.357	125.232	98.916	3.74106
11	1VQN	1	1	HB	12	72.191	125.022	97.42	U	2620	0	O2	75.357	125.232	98.916	3.50794
