	Ligand_name	Ligand_pose	Ligand_occurrence_in_sdf	Interaction	Ligand_Atom	Ligand_X	Ligand_Y	Ligand_Z	Receptor_Residue_Name	Receptor_Number	Receptor_Chain	Receptor_Atom	Receptor_X	Receptor_Y	Receptor_Z	Distance
0	1JZY	1	1	HB	17	45.608	119.146	118.565	A	2041	A	N1	42.94	118.335	117.489	2.98893
1	1JZY	1	1	Lipophilic	37	46.223	119.972	117.581	A	2041	A	C2	42.462	119.202	118.39	3.9233
2	1JZY	1	1	Lipophilic	45	44.854	120.994	120.92	A	2041	A	C2	42.462	119.202	118.39	3.9158
3	1JZY	1	1	Lipophilic	46	43.297	124.158	118.973	A	2042	A	C2	43.46	122.604	115.557	3.7564
4	1JZY	1	1	HB	21	45.475	124.682	117.708	A	2045	A	N1	47.491	127.562	116.168	3.838
5	1JZY	1	1	HB	21	45.475	124.682	117.708	A	2045	A	N6	47.841	125.444	115.318	3.44829
6	1JZY	1	1	Lipophilic	43	46.309	117.908	115.134	A	2482	A	C2'	45.467	118.379	111.329	3.9254
7	1JZY	1	1	CA	2	47.157	117.974	116.352	G	2484	A	OP2	46.93	114.905	113.745	4.0332
8	1JZY	1	1	CA	2	47.157	117.974	116.352	G	2484	A	OP1	47.366	113.414	115.787	4.59962
9	1JZY	1	1	Lipophilic	42	48.338	117.106	116.301	G	2484	A	C1'	52.068	116.376	116.817	3.8356
10	1JZY	1	1	Lipophilic	42	48.338	117.106	116.301	G	2484	A	C8	50.338	116.79	118.633	3.0884
11	1JZY	1	1	HB	27	46.307	128.312	125.026	U	2588	A	N3	46.337	131.006	127.049	3.36913
12	1JZY	1	1	HB	27	46.307	128.312	125.026	U	2588	A	O4	46.643	131.74	124.938	3.44555
13	1JZY	1	1	Lipophilic	50	46.778	125.882	126.51	U	2588	A	C3'	49.547	127.045	128.889	3.8314
14	1JZY	1	1	Lipophilic	51	47.556	124.783	127.071	U	2588	A	C3'	49.547	127.045	128.889	3.5194
15	1JZY	1	1	Lipophilic	50	46.778	125.882	126.51	U	2588	A	C2'	48.173	127.507	129.382	3.5826
16	1JZY	1	1	Lipophilic	51	47.556	124.783	127.071	U	2588	A	C2'	48.173	127.507	129.382	3.6251
17	1JZY	1	1	Lipophilic	51	47.556	124.783	127.071	C	2589	A	C5'	48.389	122.574	129.257	3.2175
18	1JZY	1	1	Lipophilic	51	47.556	124.783	127.071	C	2589	A	C4'	48.644	121.495	128.222	3.6496
19	1JZY	1	1	Lipophilic	44	46.148	121.139	123.791	U	2590	A	C5	43.993	117.962	124.256	3.867
20	1JZY	1	1	Lipophilic	44	46.148	121.139	123.791	U	2590	A	C6	43.65	118.788	125.249	3.7273
