	Ligand_name	Ligand_pose	Ligand_occurrence_in_sdf	Interaction	Ligand_Atom	Ligand_X	Ligand_Y	Ligand_Z	Receptor_Residue_Name	Receptor_Number	Receptor_Chain	Receptor_Atom	Receptor_X	Receptor_Y	Receptor_Z	Distance
0	1XPF	1	1	HB	5	20.805	2.27	65.051	G	9	A	OP1	23.213	1.252	65.671	2.68685
1	1XPF	1	1	HB	5	20.805	2.27	65.051	G	9	A	OP1	23.213	1.252	65.671	2.68685
2	1XPF	1	1	HB	5	20.805	2.27	65.051	G	9	A	OP2	22.964	2.524	67.903	3.58604
3	1XPF	1	1	HB	5	20.805	2.27	65.051	G	9	A	OP2	22.964	2.524	67.903	3.58604
4	1XPF	1	1	CA	5	20.805	2.27	65.051	G	9	A	OP1	23.213	1.252	65.671	2.68685
5	1XPF	1	1	CA	5	20.805	2.27	65.051	G	9	A	OP2	22.964	2.524	67.903	3.58604
6	1XPF	1	1	HB	14	17.071	-5.85	64.539	G	10	A	N7	19.255	-7.785	63.533	3.08644
7	1XPF	1	1	HB	14	17.071	-5.85	64.539	G	10	A	N7	19.255	-7.785	63.533	3.08644
8	1XPF	1	1	HB	14	17.071	-5.85	64.539	G	10	A	N7	19.255	-7.785	63.533	3.08644
9	1XPF	1	1	HB	14	17.071	-5.85	64.539	G	10	A	OP1	19.517	-3.976	66.653	3.73682
10	1XPF	1	1	HB	14	17.071	-5.85	64.539	G	10	A	OP1	19.517	-3.976	66.653	3.73682
11	1XPF	1	1	HB	14	17.071	-5.85	64.539	G	10	A	OP1	19.517	-3.976	66.653	3.73682
12	1XPF	1	1	CA	10	18.796	-2.618	62.648	G	10	A	OP1	19.517	-3.976	66.653	4.28999
13	1XPF	1	1	CA	14	17.071	-5.85	64.539	G	10	A	OP1	19.517	-3.976	66.653	3.73682
14	1XPF	1	1	CA	14	17.071	-5.85	64.539	G	10	A	OP2	19.499	-5.844	68.412	4.57114
15	1XPF	1	1	Lipophilic	12	18.002	-4.8	62.477	G	10	A	C5	19.941	-8.188	62.396	3.9045
16	1XPF	1	1	Lipophilic	13	17.78	-4.719	63.966	G	10	A	C8	20.129	-7.886	64.499	3.9789
17	1XPF	1	1	Lipophilic	11	19.019	-3.839	61.824	U	11	A	C4	21.299	-5.457	60.024	3.3251
18	1XPF	1	1	Lipophilic	11	19.019	-3.839	61.824	U	11	A	C5	22.069	-5.452	61.232	3.5007
19	1XPF	1	1	CA	14	17.071	-5.85	64.539	G	9	B	OP1	13.495	-2.707	65.408	4.83956
20	1XPF	1	1	CA	14	17.071	-5.85	64.539	G	9	B	OP2	13.47	-3.52	67.855	5.42143
21	1XPF	1	1	HB	1	21.575	4.728	61.197	G	10	B	O6	19.246	6.118	59.94	2.98938
22	1XPF	1	1	HB	1	21.575	4.728	61.197	G	10	B	O6	19.246	6.118	59.94	2.98938
23	1XPF	1	1	HB	1	21.575	4.728	61.197	G	10	B	O6	19.246	6.118	59.94	2.98938
24	1XPF	1	1	CA	5	20.805	2.27	65.051	G	10	B	OP1	16.829	2.795	66.02	4.12591
25	1XPF	1	1	CA	5	20.805	2.27	65.051	G	10	B	OP2	16.664	4.874	67.502	5.47139
26	1XPF	1	1	Lipophilic	2	20.657	4.735	62.321	G	10	B	C5	17.292	6.487	61.304	3.9277
27	1XPF	1	1	Lipophilic	2	20.657	4.735	62.321	G	10	B	C6	18.073	6.488	60.101	3.8312
