	Ligand_name	Ligand_pose	Ligand_occurrence_in_sdf	Interaction	Ligand_Atom	Ligand_X	Ligand_Y	Ligand_Z	Receptor_Residue_Name	Receptor_Number	Receptor_Chain	Receptor_Atom	Receptor_X	Receptor_Y	Receptor_Z	Distance
0	2G32	1	1	HB	2	8.474	13.101	-7.718	G	85	M	O2'	9.493	10.223	-9.504	3.53709
1	2G32	1	1	Water-mediated	2	8.474	13.101	-7.718	HOH	314	M	O	7.086	11.396	-9.349	2.73747
2	HOH	0	1	Water-mediated	314:M	7.086	11.396	-9.349	G	85	M	O2'	9.493	10.223	-9.504	2.6821
3	2G32	1	1	Water-mediated	2	8.474	13.101	-7.718	HOH	314	M	O	7.086	11.396	-9.349	2.73747
4	HOH	0	1	Water-mediated	314:M	7.086	11.396	-9.349	G	85	M	O2'	9.493	10.223	-9.504	2.6821
5	2G32	1	1	Water-mediated	2	8.474	13.101	-7.718	HOH	314	M	O	7.086	11.396	-9.349	2.73747
6	HOH	0	1	Water-mediated	314:M	7.086	11.396	-9.349	G	85	M	N3	6.006	9.419	-7.682	2.8025
7	2G32	1	1	Water-mediated	2	8.474	13.101	-7.718	HOH	314	M	O	7.086	11.396	-9.349	2.73747
8	HOH	0	1	Water-mediated	314:M	7.086	11.396	-9.349	G	85	M	N3	6.006	9.419	-7.682	2.8025
9	2G32	1	1	Water-mediated	2	8.474	13.101	-7.718	HOH	314	M	O	7.086	11.396	-9.349	2.73747
10	HOH	0	1	Water-mediated	314:M	7.086	11.396	-9.349	G	86	M	O4'	7.072	9.373	-12.097	3.4124
11	2G32	1	1	Water-mediated	2	8.474	13.101	-7.718	HOH	314	M	O	7.086	11.396	-9.349	2.73747
12	HOH	0	1	Water-mediated	314:M	7.086	11.396	-9.349	G	86	M	O4'	7.072	9.373	-12.097	3.4124
13	2G32	1	1	HB	4	5.981	14.442	-7.95	G	92	N	O2'	3.974	16.284	-7.844	2.72622
14	2G32	1	1	HB	6	6.661	16.567	-9.368	G	92	N	O2'	3.974	16.284	-7.844	3.10204
15	2G32	1	1	HB	2	8.474	13.101	-7.718	G	92	N	N2	7.069	11.832	-5.455	2.95052
16	2G32	1	1	HB	4	5.981	14.442	-7.95	G	92	N	N2	7.069	11.832	-5.455	3.77106
17	2G32	1	1	HB	2	8.474	13.101	-7.718	G	92	N	N3	5.022	12.566	-6.183	3.81559
18	2G32	1	1	HB	4	5.981	14.442	-7.95	G	92	N	N3	5.022	12.566	-6.183	2.74979
19	2G32	1	1	Lipophilic	3	7.164	15.102	-7.579	G	92	N	C2'	3.248	15.459	-6.946	3.9829
20	2G32	1	1	HB	4	5.981	14.442	-7.95	C	93	N	O4'	5.514	16.258	-4.73	3.72617
