	Ligand_name	Ligand_pose	Ligand_occurrence_in_sdf	Interaction	Ligand_Atom	Ligand_X	Ligand_Y	Ligand_Z	Receptor_Residue_Name	Receptor_Number	Receptor_Chain	Receptor_Atom	Receptor_X	Receptor_Y	Receptor_Z	Distance
0	1EVV	1	1	CA	10	38.912	19.754	36.399	G	51	A	OP2	34.919	18.401	34.505	4.62189
1	1EVV	1	1	HB	10	38.912	19.754	36.399	U	52	A	O4	39.21	19.067	40.158	3.83286
2	1EVV	1	1	HB	10	38.912	19.754	36.399	U	52	A	O4	39.21	19.067	40.158	3.83286
3	1EVV	1	1	CA	10	38.912	19.754	36.399	U	52	A	OP2	35.466	22.905	36.446	4.66968
4	1EVV	1	1	CA	14	38.801	22.33	32.928	U	52	A	OP2	35.466	22.905	36.446	4.88151
5	1EVV	1	1	HB	5	43.333	22.415	36.083	5MU	54	A	O4	44.773	22.294	38.828	3.10214
6	1EVV	1	1	HB	5	43.333	22.415	36.083	5MU	54	A	O4	44.773	22.294	38.828	3.10214
7	1EVV	1	1	HB	1	45.05	26.766	34.537	PSU	55	A	O2	45.452	25.809	37.826	3.44891
8	1EVV	1	1	HB	1	45.05	26.766	34.537	PSU	55	A	O2	45.452	25.809	37.826	3.44891
9	1EVV	1	1	HB	1	45.05	26.766	34.537	PSU	55	A	O2	45.452	25.809	37.826	3.44891
10	1EVV	1	1	HB	1	45.05	26.766	34.537	G	57	A	OP1	47.916	28.15	35.969	3.48999
11	1EVV	1	1	HB	1	45.05	26.766	34.537	G	57	A	OP1	47.916	28.15	35.969	3.48999
12	1EVV	1	1	HB	1	45.05	26.766	34.537	G	57	A	OP1	47.916	28.15	35.969	3.48999
13	1EVV	1	1	CA	1	45.05	26.766	34.537	G	57	A	OP1	47.916	28.15	35.969	3.48999
14	1EVV	1	1	CA	1	45.05	26.766	34.537	G	57	A	OP2	49.275	26.933	37.793	5.33667
15	1EVV	1	1	HB	5	43.333	22.415	36.083	1MA	58	A	OP1	45.367	22.87	33.064	3.66859
16	1EVV	1	1	HB	5	43.333	22.415	36.083	1MA	58	A	OP1	45.367	22.87	33.064	3.66859
17	1EVV	1	1	HB	1	45.05	26.766	34.537	1MA	58	A	OP2	46.409	23.293	35.345	3.81595
18	1EVV	1	1	HB	1	45.05	26.766	34.537	1MA	58	A	OP2	46.409	23.293	35.345	3.81595
19	1EVV	1	1	HB	1	45.05	26.766	34.537	1MA	58	A	OP2	46.409	23.293	35.345	3.81595
20	1EVV	1	1	HB	5	43.333	22.415	36.083	1MA	58	A	OP2	46.409	23.293	35.345	3.28288
21	1EVV	1	1	HB	5	43.333	22.415	36.083	1MA	58	A	OP2	46.409	23.293	35.345	3.28288
22	1EVV	1	1	CA	1	45.05	26.766	34.537	1MA	58	A	OP1	45.367	22.87	33.064	4.1772
23	1EVV	1	1	CA	5	43.333	22.415	36.083	1MA	58	A	OP1	45.367	22.87	33.064	3.66859
24	1EVV	1	1	CA	1	45.05	26.766	34.537	1MA	58	A	OP2	46.409	23.293	35.345	3.81595
25	1EVV	1	1	CA	5	43.333	22.415	36.083	1MA	58	A	OP2	46.409	23.293	35.345	3.28288
26	1EVV	1	1	Lipophilic	7	42.229	20.182	36.49	1MA	58	A	C2'	45.394	18.795	35.079	3.7325
