	Ligand_name	Ligand_pose	Ligand_occurrence_in_sdf	Interaction	Ligand_Atom	Ligand_X	Ligand_Y	Ligand_Z	Receptor_Residue_Name	Receptor_Number	Receptor_Chain	Receptor_Atom	Receptor_X	Receptor_Y	Receptor_Z	Distance
0	3LA5	1	1	Lipophilic	1	11.048	13.152	0.629	A	21	A	C2	13.202	10.704	-0.778	3.5513
1	3LA5	1	1	Lipophilic	3	10.468	11.207	1.726	A	21	A	C2	13.202	10.704	-0.778	3.7414
2	3LA5	1	1	Lipophilic	5	9.955	11.469	-0.532	A	21	A	C2	13.202	10.704	-0.778	3.345
3	3LA5	1	1	Lipophilic	1	11.048	13.152	0.629	A	21	A	C6	14.315	12.74	-0.625	3.5236
4	3LA5	1	1	Lipophilic	5	9.955	11.469	-0.532	U	22	A	C2	7.028	12.738	-1.57	3.3549
5	3LA5	1	1	HB	7	10.462	10.423	2.979	C	51	A	O2	10.183	7.644	4.9	3.38983
6	3LA5	1	1	HB	7	10.462	10.423	2.979	C	51	A	O2	10.183	7.644	4.9	3.38983
7	3LA5	1	1	HB	4	9.935	10.718	0.582	C	51	A	N3	9.433	7.78	2.754	3.68801
8	3LA5	1	1	HB	7	10.462	10.423	2.979	C	51	A	N3	9.433	7.78	2.754	2.84516
9	3LA5	1	1	HB	7	10.462	10.423	2.979	C	51	A	N3	9.433	7.78	2.754	2.84516
10	3LA5	1	1	HB	4	9.935	10.718	0.582	C	51	A	N4	8.665	7.828	0.597	3.15677
11	3LA5	1	1	HB	4	9.935	10.718	0.582	A	52	A	N1	6.292	10.322	1.01	3.68937
12	3LA5	1	1	HB	7	10.462	10.423	2.979	A	52	A	N3	6.848	10.797	3.303	3.64772
13	3LA5	1	1	HB	7	10.462	10.423	2.979	A	52	A	N3	6.848	10.797	3.303	3.64772
14	3LA5	1	1	Lipophilic	3	10.468	11.207	1.726	A	52	A	C2	6.725	11.088	2.016	3.7561
15	3LA5	1	1	HB	7	10.462	10.423	2.979	C	74	A	O2	11.45	11.653	5.397	2.88717
16	3LA5	1	1	HB	7	10.462	10.423	2.979	C	74	A	O2	11.45	11.653	5.397	2.88717
17	3LA5	1	1	HB	7	10.462	10.423	2.979	C	74	A	N3	12.476	13.276	4.195	3.6979
18	3LA5	1	1	HB	7	10.462	10.423	2.979	C	74	A	N3	12.476	13.276	4.195	3.6979
19	3LA5	1	1	HB	7	10.462	10.423	2.979	U	75	A	O2	13.148	8.973	2.258	3.13639
20	3LA5	1	1	HB	7	10.462	10.423	2.979	U	75	A	O2	13.148	8.973	2.258	3.13639
21	3LA5	1	1	Lipophilic	3	10.468	11.207	1.726	U	75	A	C2	13.888	9.643	2.962	3.9586
22	3LA5	1	1	Pi_Stacking	1,6,5,4,3,2	10.49183	11.94217	0.6055	A	21	A	N1,C2,N3,C4,C5,C6	13.62417	11.76533	-1.35683	3.70048
