	Ligand_name	Ligand_pose	Ligand_occurrence_in_sdf	Interaction	Ligand_Atom	Ligand_X	Ligand_Y	Ligand_Z	Receptor_Residue_Name	Receptor_Number	Receptor_Chain	Receptor_Atom	Receptor_X	Receptor_Y	Receptor_Z	Distance
0	3G9C	1	1	HB	6	-4.157	-44.764	13.543	G	1	E	O5'	-7.079	-43.517	15.327	3.64359
1	3G9C	1	1	HB	8	-6.807	-45.007	12.746	G	1	E	O5'	-7.079	-43.517	15.327	2.9926
2	3G9C	1	1	HB	8	-6.807	-45.007	12.746	G	1	E	O5'	-7.079	-43.517	15.327	2.9926
3	3G9C	1	1	HB	8	-6.807	-45.007	12.746	G	1	E	O5'	-7.079	-43.517	15.327	2.9926
4	3G9C	1	1	HB	10	-6.58	-45.015	9.84	G	1	E	O6	-6.741	-41.368	8.626	3.84712
5	3G9C	1	1	Lipophilic	7	-5.938	-44.123	11.992	G	1	E	C4	-7.487	-40.499	12.031	3.9414
6	3G9C	1	1	Lipophilic	7	-5.938	-44.123	11.992	G	1	E	C5	-7.722	-41.018	10.774	3.7825
7	3G9C	1	1	Lipophilic	7	-5.938	-44.123	11.992	G	1	E	C6	-6.703	-40.958	9.795	3.928
8	3G9C	1	1	Lipophilic	11	-4.381	-44.044	9.995	G	1	E	C6	-6.703	-40.958	9.795	3.8672
9	3G9C	1	1	Lipophilic	5	-4.767	-43.655	12.867	C	2	E	C5	-4.402	-40.827	15.327	3.766
10	3G9C	1	1	HB	10	-6.58	-45.015	9.84	A	42	P	O2'	-4.151	-47.932	10.547	3.86119
11	3G9C	1	1	HB	12	-3.862	-44.842	8.924	A	42	P	O2'	-4.151	-47.932	10.547	3.50225
12	3G9C	1	1	HB	12	-3.862	-44.842	8.924	A	42	P	OP1	-2.079	-46.252	6.179	3.56402
13	3G9C	1	1	HB	8	-6.807	-45.007	12.746	U	43	P	O4	-9.365	-46.28	13.227	2.89746
14	3G9C	1	1	HB	8	-6.807	-45.007	12.746	U	43	P	O4	-9.365	-46.28	13.227	2.89746
15	3G9C	1	1	HB	8	-6.807	-45.007	12.746	U	43	P	O4	-9.365	-46.28	13.227	2.89746
16	3G9C	1	1	HB	10	-6.58	-45.015	9.84	U	43	P	OP2	-6.785	-46.695	7.654	2.7646
17	3G9C	1	1	HB	12	-3.862	-44.842	8.924	U	43	P	OP2	-6.785	-46.695	7.654	3.68652
18	3G9C	1	1	CA	8	-6.807	-45.007	12.746	U	43	P	OP2	-6.785	-46.695	7.654	5.36454
19	3G9C	1	1	HB	6	-4.157	-44.764	13.543	G	57	P	N1	-1.277	-43.857	14.772	3.25998
20	3G9C	1	1	HB	6	-4.157	-44.764	13.543	G	57	P	N2	-2.404	-43.814	16.79	3.81032
21	3G9C	1	1	HB	6	-4.157	-44.764	13.543	A	58	P	N3	-1.563	-47.129	13.821	3.52127
22	3G9C	1	1	Pi_Cation	8	-6.807	-45.007	12.746	G	1	E	C4,C5,N7,C8,N9	-8.4724	-41.0238	11.6226	4.46111
23	3G9C	1	1	Pi_Cation	8	-6.807	-45.007	12.746	G	1	E	N1,C2,N3,C4,C5,C6	-6.53733	-40.4265	11.156	4.85611
