	Ligand_name	Ligand_pose	Ligand_occurrence_in_sdf	Interaction	Ligand_Atom	Ligand_X	Ligand_Y	Ligand_Z	Receptor_Residue_Name	Receptor_Number	Receptor_Chain	Receptor_Atom	Receptor_X	Receptor_Y	Receptor_Z	Distance
0	2Z74	1	1	HB	6	44.261	9.759	13.817	G	1	A	O5'	42.606	10.929	16.84	3.63957
1	2Z74	1	1	HB	8	42.615	12.109	13.983	G	1	A	O5'	42.606	10.929	16.84	3.0911
2	2Z74	1	1	HB	6	44.261	9.759	13.817	G	1	A	OP2	42.733	8.688	15.795	2.71925
3	2Z74	1	1	HB	8	42.615	12.109	13.983	G	1	A	OP2	42.733	8.688	15.795	3.87305
4	2Z74	1	1	Water-mediated	2	50.165	13.805	11.45	HOH	405	A	O	48.042	14.682	9.729	2.87021
5	HOH	0	1	Water-mediated	405:A	48.042	14.682	9.729	G	1	A	O6	46.856	15.601	12.847	3.4602
6	2Z74	1	1	Water-mediated	2	50.165	13.805	11.45	HOH	405	A	O	48.042	14.682	9.729	2.87021
7	HOH	0	1	Water-mediated	405:A	48.042	14.682	9.729	G	1	A	O6	46.856	15.601	12.847	3.4602
8	2Z74	1	1	Lipophilic	5	44.83	11.036	14.132	G	1	A	C4	46.171	14.199	16.077	3.9479
9	2Z74	1	1	Lipophilic	7	44.011	12.193	13.515	G	1	A	C4	46.171	14.199	16.077	3.9056
10	2Z74	1	1	Lipophilic	7	44.011	12.193	13.515	G	1	A	C5	45.968	15.023	14.994	3.7452
11	2Z74	1	1	Lipophilic	11	45.559	12.187	11.558	G	1	A	C6	46.877	14.959	13.909	3.8663
12	2Z74	1	1	Lipophilic	5	44.83	11.036	14.132	C	2	A	C5	46.656	9.546	17.064	3.7618
13	2Z74	1	1	HB	10	43.333	13.172	11.398	A	50	B	O2'	41.123	11.326	9.669	3.35876
14	2Z74	1	1	HB	8	42.615	12.109	13.983	U	51	B	O4	40.323	14.026	14.805	3.09901
15	2Z74	1	1	HB	10	43.333	13.172	11.398	U	51	B	OP2	41.779	14.99	8.659	3.63623
16	2Z74	1	1	HB	6	44.261	9.759	13.817	G	65	B	N1	45.907	6.875	13.725	3.32193
17	2Z74	1	1	HB	6	44.261	9.759	13.817	G	65	B	N2	44.697	6.337	15.612	3.88873
18	2Z74	1	1	HB	6	44.261	9.759	13.817	G	66	B	N2	42.949	8.732	10.944	3.32117
