	Ligand_name	Ligand_pose	Ligand_occurrence_in_sdf	Interaction	Ligand_Atom	Ligand_X	Ligand_Y	Ligand_Z	Receptor_Residue_Name	Receptor_Number	Receptor_Chain	Receptor_Atom	Receptor_X	Receptor_Y	Receptor_Z	Distance
0	2GCV	1	1	Lipophilic	3	41.906	8.46	22.73	C	2	A	C4'	45.208	9.354	21.171	3.7594
1	2GCV	1	1	Lipophilic	5	41.937	7.793	21.348	C	2	A	C4'	45.208	9.354	21.171	3.6287
2	2GCV	1	1	Lipophilic	11	42.027	8.056	18.459	C	2	A	C1'	45.513	7.993	19.286	3.5833
3	2GCV	1	1	HB	2	40.914	7.798	16.031	G	40	B	N1	38.165	8.444	16.441	2.85349
4	2GCV	1	1	HB	2	40.914	7.798	16.031	G	40	B	N2	38.737	8.353	14.207	2.89384
5	2GCV	1	1	Lipophilic	10	40.761	7.666	19.218	G	40	B	C6	37.322	8.631	17.534	3.9489
6	2GCV	1	1	HB	6	43.278	7.746	16.162	G	65	B	N2	44.865	7.913	14.267	2.47739
7	2GCV	1	1	HB	2	40.914	7.798	16.031	G	66	B	O2'	40.459	5.619	13.166	3.62812
8	2GCV	1	1	HB	4	42.017	5.879	16.912	U	67	B	O4	38.535	5.238	18.391	3.83701
