	Ligand_name	Ligand_pose	Ligand_occurrence_in_sdf	Interaction	Ligand_Atom	Ligand_X	Ligand_Y	Ligand_Z	Receptor_Residue_Name	Receptor_Number	Receptor_Chain	Receptor_Atom	Receptor_X	Receptor_Y	Receptor_Z	Distance
0	2GCV	1	1	HB	2	45.18	12.322	13.823	G	1	A	N1	47.75	14.859	14.101	3.62195
1	2GCV	1	1	HB	2	45.18	12.322	13.823	G	1	A	N3	46.958	13.954	16.159	3.35881
2	2GCV	1	1	Lipophilic	4	46.944	12.632	11.677	G	1	A	C2	47.821	13.975	15.152	3.8273
3	2GCV	1	1	Lipophilic	5	45.819	11.637	12.692	G	1	A	C2	47.821	13.975	15.152	3.9403
4	2GCV	1	1	Lipophilic	4	46.944	12.632	11.677	G	1	A	C6	46.779	15.849	13.951	3.943
5	2GCV	1	1	HB	1	45.17	10.426	12.238	C	2	A	N4	47.9	10.034	14.754	3.73321
6	2GCV	1	1	HB	2	45.18	12.322	13.823	C	2	A	N4	47.9	10.034	14.754	3.67425
7	2GCV	1	1	HB	1	45.17	10.426	12.238	G	65	B	N1	46.18	7.824	12.377	2.79461
8	2GCV	1	1	HB	1	45.17	10.426	12.238	G	65	B	N2	44.865	7.913	14.267	3.24423
9	2GCV	1	1	HB	1	45.17	10.426	12.238	G	65	B	O6	47.437	7.941	10.495	3.78848
10	2GCV	1	1	HB	1	45.17	10.426	12.238	G	66	B	N2	43.067	9.728	9.828	3.27382
11	2GCV	1	1	HB	3	44.814	12.296	11.87	G	66	B	N2	43.067	9.728	9.828	3.71704
12	2GCV	1	1	HB	1	45.17	10.426	12.238	G	66	B	N3	43.206	7.626	10.764	3.72424
