	Ligand_name	Ligand_pose	Ligand_occurrence_in_sdf	Interaction	Ligand_Atom	Ligand_X	Ligand_Y	Ligand_Z	Receptor_Residue_Name	Receptor_Number	Receptor_Chain	Receptor_Atom	Receptor_X	Receptor_Y	Receptor_Z	Distance
0	3DW4	1	1	HB	4	4.469	1.782	-2.558	U	2653	A	O2'	3.467	3.274	-0.65	2.62117
1	3DW4	1	1	Water-mediated	2	4.259	3.268	-5.06	HOH	2719	A	O	3.435	5.902	-3.994	2.9586
2	HOH	0	1	Water-mediated	2719:A	3.435	5.902	-3.994	U	2653	A	O2	4.726	7.043	-0.971	3.4795
3	3DW4	1	1	Water-mediated	2	4.259	3.268	-5.06	HOH	2719	A	O	3.435	5.902	-3.994	2.9586
4	HOH	0	1	Water-mediated	2719:A	3.435	5.902	-3.994	U	2653	A	O2	4.726	7.043	-0.971	3.4795
5	3DW4	1	1	HB	4	4.469	1.782	-2.558	A	2654	A	OP1	6.442	1.349	0.276	3.4802
6	3DW4	1	1	HB	6	6.964	0.51	-2.21	A	2654	A	OP1	6.442	1.349	0.276	2.67518
7	3DW4	1	1	HB	6	6.964	0.51	-2.21	U	2656	A	O2'	9.14	-1.153	-1.505	2.828
8	3DW4	1	1	HB	6	6.964	0.51	-2.21	U	2656	A	O2	9.96	2.436	-1.767	3.58911
9	3DW4	1	1	Water-mediated	2	4.259	3.268	-5.06	HOH	2850	A	O	2.571	5.682	-6.353	3.21692
10	HOH	0	1	Water-mediated	2850:A	2.571	5.682	-6.353	C	2667	A	O2	3.905	7.638	-7.782	2.7654
11	3DW4	1	1	Water-mediated	2	4.259	3.268	-5.06	HOH	2850	A	O	2.571	5.682	-6.353	3.21692
12	HOH	0	1	Water-mediated	2850:A	2.571	5.682	-6.353	C	2667	A	O2	3.905	7.638	-7.782	2.7654
13	3DW4	1	1	Water-mediated	2	4.259	3.268	-5.06	HOH	2719	A	O	3.435	5.902	-3.994	2.9586
14	HOH	0	1	Water-mediated	2719:A	3.435	5.902	-3.994	C	2667	A	N3	4.558	7.964	-5.633	2.8634
15	3DW4	1	1	Water-mediated	2	4.259	3.268	-5.06	HOH	2719	A	O	3.435	5.902	-3.994	2.9586
16	HOH	0	1	Water-mediated	2719:A	3.435	5.902	-3.994	C	2667	A	N3	4.558	7.964	-5.633	2.8634
17	3DW4	1	1	Water-mediated	2	4.259	3.268	-5.06	HOH	2850	A	O	2.571	5.682	-6.353	3.21692
18	HOH	0	1	Water-mediated	2850:A	2.571	5.682	-6.353	C	2667	A	N3	4.558	7.964	-5.633	3.1103
19	3DW4	1	1	Water-mediated	2	4.259	3.268	-5.06	HOH	2850	A	O	2.571	5.682	-6.353	3.21692
20	HOH	0	1	Water-mediated	2850:A	2.571	5.682	-6.353	C	2667	A	N3	4.558	7.964	-5.633	3.1103
21	3DW4	1	1	Water-mediated	2	4.259	3.268	-5.06	HOH	2719	A	O	3.435	5.902	-3.994	2.9586
22	HOH	0	1	Water-mediated	2719:A	3.435	5.902	-3.994	C	2667	A	N4	5.241	8.335	-3.482	3.073
23	3DW4	1	1	Water-mediated	2	4.259	3.268	-5.06	HOH	2719	A	O	3.435	5.902	-3.994	2.9586
24	HOH	0	1	Water-mediated	2719:A	3.435	5.902	-3.994	C	2667	A	N4	5.241	8.335	-3.482	3.073
