	Ligand_name	Ligand_pose	Ligand_occurrence_in_sdf	Interaction	Ligand_Atom	Ligand_X	Ligand_Y	Ligand_Z	Receptor_Residue_Name	Receptor_Number	Receptor_Chain	Receptor_Atom	Receptor_X	Receptor_Y	Receptor_Z	Distance
0	2HO6	1	1	Lipophilic	10	48.726	12.045	12.307	G	1	A	C2	48.041	13.953	15.338	3.6465
1	2HO6	1	1	Lipophilic	11	47.276	12.584	12.36	G	1	A	C2	48.041	13.953	15.338	3.3657
2	2HO6	1	1	Lipophilic	11	47.276	12.584	12.36	G	1	A	C6	46.907	15.82	14.229	3.7551
3	2HO6	1	1	HB	4	45.55	10.999	13.886	C	2	A	N4	48.069	9.766	14.847	2.96465
4	2HO6	1	1	HB	2	45.299	10.704	11.451	A	50	B	OP1	45.52	10.848	7.666	3.79418
5	2HO6	1	1	HB	2	45.299	10.704	11.451	G	65	B	N1	46.361	7.479	12.895	3.68966
6	2HO6	1	1	HB	4	45.55	10.999	13.886	G	65	B	N1	46.361	7.479	12.895	3.74569
7	2HO6	1	1	HB	4	45.55	10.999	13.886	G	65	B	N2	45.213	7.329	14.879	3.81687
8	2HO6	1	1	HB	2	45.299	10.704	11.451	G	65	B	O6	47.431	7.802	10.914	3.6408
9	2HO6	1	1	HB	2	45.299	10.704	11.451	G	66	B	N1	44.555	8.042	8.971	3.71351
10	2HO6	1	1	HB	2	45.299	10.704	11.451	G	66	B	N2	43.061	9.479	9.978	2.94601
11	2HO6	1	1	HB	2	45.299	10.704	11.451	G	66	B	N3	43.346	7.404	10.92	3.8712
