	Ligand_name	Ligand_pose	Ligand_occurrence_in_sdf	Interaction	Ligand_Atom	Ligand_X	Ligand_Y	Ligand_Z	Receptor_Residue_Name	Receptor_Number	Receptor_Chain	Receptor_Atom	Receptor_X	Receptor_Y	Receptor_Z	Distance
0	2TRA	1	1	CA	10	28.118	-5.177	14.86	U	1	A	OP1	27.687	-7.844	19.405	5.28731
1	2TRA	1	1	Lipophilic	2	23.364	2.052	15.548	U	5	A	C4	26.156	4.023	13.649	3.9098
2	2TRA	1	1	HB	1	22.134	2.943	15.772	G	6	A	O6	22.454	1.944	12.109	3.81025
3	2TRA	1	1	HB	1	22.134	2.943	15.772	G	6	A	O6	22.454	1.944	12.109	3.81025
4	2TRA	1	1	HB	1	22.134	2.943	15.772	G	6	A	O6	22.454	1.944	12.109	3.81025
5	2TRA	1	1	CA	5	23.93	-1.39	17.327	G	64	A	OP2	20.898	-1.174	21.02	4.78309
6	2TRA	1	1	CA	5	23.93	-1.39	17.327	G	64	A	OP1	21.611	-3.49	21.528	5.23795
7	2TRA	1	1	CA	5	23.93	-1.39	17.327	U	65	A	OP2	21.248	-4.833	17.177	4.36691
8	2TRA	1	1	HB	14	29.09	-6.379	10.076	G	67	A	OP2	25.793	-5.886	8.387	3.73711
9	2TRA	1	1	HB	14	29.09	-6.379	10.076	G	67	A	OP2	25.793	-5.886	8.387	3.73711
10	2TRA	1	1	HB	14	29.09	-6.379	10.076	G	67	A	OP2	25.793	-5.886	8.387	3.73711
11	2TRA	1	1	CA	14	29.09	-6.379	10.076	G	67	A	OP1	26.027	-6.77	6.07	5.05795
12	2TRA	1	1	CA	14	29.09	-6.379	10.076	G	67	A	OP2	25.793	-5.886	8.387	3.73711
