	Ligand_name	Ligand_pose	Ligand_occurrence_in_sdf	Interaction	Ligand_Atom	Ligand_X	Ligand_Y	Ligand_Z	Receptor_Residue_Name	Receptor_Number	Receptor_Chain	Receptor_Atom	Receptor_X	Receptor_Y	Receptor_Z	Distance
0	3B4A	1	1	HB	8	44.391	33.649	55.258	G	1	A	O5'	44.111	32.893	57.907	2.76896
1	3B4A	1	1	HB	8	44.391	33.649	55.258	G	1	A	O5'	44.111	32.893	57.907	2.76896
2	3B4A	1	1	HB	8	44.391	33.649	55.258	G	1	A	O5'	44.111	32.893	57.907	2.76896
3	3B4A	1	1	HB	8	44.391	33.649	55.258	G	1	A	OP1	42.154	31.481	57.194	3.66776
4	3B4A	1	1	HB	8	44.391	33.649	55.258	G	1	A	OP1	42.154	31.481	57.194	3.66776
5	3B4A	1	1	HB	8	44.391	33.649	55.258	G	1	A	OP1	42.154	31.481	57.194	3.66776
6	3B4A	1	1	HB	6	46.341	31.564	54.792	G	1	A	OP2	44.541	30.837	56.549	2.61832
7	3B4A	1	1	HB	8	44.391	33.649	55.258	G	1	A	OP2	44.541	30.837	56.549	3.09783
8	3B4A	1	1	HB	8	44.391	33.649	55.258	G	1	A	OP2	44.541	30.837	56.549	3.09783
9	3B4A	1	1	HB	8	44.391	33.649	55.258	G	1	A	OP2	44.541	30.837	56.549	3.09783
10	3B4A	1	1	CA	8	44.391	33.649	55.258	G	1	A	OP2	44.541	30.837	56.549	3.09783
11	3B4A	1	1	CA	8	44.391	33.649	55.258	G	1	A	OP1	42.154	31.481	57.194	3.66776
12	3B4A	1	1	Lipophilic	5	46.723	32.826	55.385	C	2	A	C5	48.316	31.468	58.505	3.7572
13	3B4A	1	1	HB	10	45.075	35.18	52.906	A	50	B	O2'	42.903	33.32	50.581	3.68549
14	3B4A	1	1	HB	12	47.571	34.596	51.653	A	50	B	OP2	47.748	34.16	48.386	3.30071
15	3B4A	1	1	HB	8	44.391	33.649	55.258	U	51	B	O4	41.448	35.471	56.06	3.55305
16	3B4A	1	1	HB	8	44.391	33.649	55.258	U	51	B	O4	41.448	35.471	56.06	3.55305
17	3B4A	1	1	HB	8	44.391	33.649	55.258	U	51	B	O4	41.448	35.471	56.06	3.55305
18	3B4A	1	1	HB	10	45.075	35.18	52.906	U	51	B	OP2	43.606	36.573	50.262	3.33004
19	3B4A	1	1	HB	6	46.341	31.564	54.792	G	65	B	N1	47.959	28.868	54.843	3.14467
20	3B4A	1	1	HB	6	46.341	31.564	54.792	G	65	B	O6	49.069	29.746	53.06	3.70769
21	3B4A	1	1	HB	6	46.341	31.564	54.792	G	66	B	N2	45.317	30.631	51.665	3.42012
22	3B4A	1	1	Pi_Cation	8	44.391	33.649	55.258	G	1	A	C4,C5,N7,C8,N9	46.7046	37.0602	57.6766	4.77898
23	3B4A	1	1	Pi_Cation	8	44.391	33.649	55.258	G	1	A	N1,C2,N3,C4,C5,C6	48.55533	36.40083	57.01083	5.29024
