	Ligand_name	Ligand_pose	Ligand_occurrence_in_sdf	Interaction	Ligand_Atom	Ligand_X	Ligand_Y	Ligand_Z	Receptor_Residue_Name	Receptor_Number	Receptor_Chain	Receptor_Atom	Receptor_X	Receptor_Y	Receptor_Z	Distance
0	1AKX	1	1	HB	10	-2.604	-2.116	-3.193	A	22	A	N1	-1.413	1.061	-3.232	3.39313
1	1AKX	1	1	HB	10	-2.604	-2.116	-3.193	A	22	A	N1	-1.413	1.061	-3.232	3.39313
2	1AKX	1	1	HB	10	-2.604	-2.116	-3.193	A	22	A	N3	-3.718	1.062	-3.96	3.45383
3	1AKX	1	1	HB	10	-2.604	-2.116	-3.193	A	22	A	N3	-3.718	1.062	-3.96	3.45383
4	1AKX	1	1	HB	8	-3.604	-2.749	-1.257	A	22	A	N7	-3.763	0.309	-0.453	3.16592
5	1AKX	1	1	HB	10	-2.604	-2.116	-3.193	A	22	A	N7	-3.763	0.309	-0.453	3.83816
6	1AKX	1	1	HB	10	-2.604	-2.116	-3.193	A	22	A	N7	-3.763	0.309	-0.453	3.83816
7	1AKX	1	1	Lipophilic	9	-3.622	-2.641	-2.561	A	22	A	C4	-4.009	0.769	-2.675	3.4338
8	1AKX	1	1	Lipophilic	9	-3.622	-2.641	-2.561	A	22	A	C5	-3.105	0.608	-1.636	3.4174
9	1AKX	1	1	Lipophilic	9	-3.622	-2.641	-2.561	A	22	A	C6	-1.739	0.768	-1.949	3.9423
10	1AKX	1	1	Lipophilic	9	-3.622	-2.641	-2.561	A	22	A	C8	-5.029	0.296	-0.792	3.7061
11	1AKX	1	1	HB	11	-4.658	-3.065	-3.234	U	23	A	O4'	-5.87	-3.935	-6.224	3.34155
12	1AKX	1	1	HB	11	-4.658	-3.065	-3.234	U	23	A	O4'	-5.87	-3.935	-6.224	3.34155
13	1AKX	1	1	Lipophilic	9	-3.622	-2.641	-2.561	U	23	A	C5	-2.903	-5.985	-4.457	3.9108
14	1AKX	1	1	Lipophilic	9	-3.622	-2.641	-2.561	U	23	A	C6	-3.93	-5.432	-5.118	3.7977
15	1AKX	1	1	HB	10	-2.604	-2.116	-3.193	G	26	A	O6	0.083	-1.446	-4.474	3.0512
16	1AKX	1	1	HB	10	-2.604	-2.116	-3.193	G	26	A	O6	0.083	-1.446	-4.474	3.0512
17	1AKX	1	1	HB	10	-2.604	-2.116	-3.193	G	26	A	N7	-2.383	-1.139	-6.305	3.26924
18	1AKX	1	1	HB	10	-2.604	-2.116	-3.193	G	26	A	N7	-2.383	-1.139	-6.305	3.26924
19	1AKX	1	1	HB	4	0.081	-7.138	1.494	C	37	A	 N4 	2.165	-7.009	-0.734	3.05347
20	1AKX	1	1	HB	4	0.081	-7.138	1.494	C	37	A	 N4 	2.165	-7.009	-0.734	3.05347
21	1AKX	1	1	CA	1	-1.746	-5.447	3.744	C	37	A	OP2	1.854	-7.238	5.416	4.35468
22	1AKX	1	1	Pi_Cation	10	-2.604	-2.116	-3.193	U	23	A	N1,C2,N3,C4,C5,C6	-2.8115	-5.73067	-5.82167	4.47424
23	1AKX	1	1	Pi_Cation	10	-2.604	-2.116	-3.193	A	22	A	N1,C2,N3,C4,C5,C6	-2.73067	0.90883	-2.931	3.0388
