	Ligand_name	Ligand_pose	Ligand_occurrence_in_sdf	Interaction	Ligand_Atom	Ligand_X	Ligand_Y	Ligand_Z	Receptor_Residue_Name	Receptor_Number	Receptor_Chain	Receptor_Atom	Receptor_X	Receptor_Y	Receptor_Z	Distance
0	4V4H	1	1	HB	8	98.443	22.478	-48.243	A	794	A	N1	96.878	21.22	-50.844	3.28588
1	4V4H	1	1	HB	8	98.443	22.478	-48.243	A	794	A	N1	96.878	21.22	-50.844	3.28588
2	4V4H	1	1	HB	11	104.472	24.071	-39.742	G	926	A	O6	102.783	25.843	-39.332	2.4821
3	4V4H	1	1	Lipophilic	7	101.521	22.974	-40.035	G	926	A	C6	102.192	26.784	-39.872	3.8721
4	4V4H	1	1	HB	2	98.96	20.196	-43.854	U	1498	A	O3'	97.444	17.607	-42.007	3.52315
5	4V4H	1	1	HB	2	98.96	20.196	-43.854	U	1498	A	O3'	97.444	17.607	-42.007	3.52315
6	4V4H	1	1	HB	2	98.96	20.196	-43.854	U	1498	A	O3'	97.444	17.607	-42.007	3.52315
7	4V4H	1	1	CA	2	98.96	20.196	-43.854	U	1498	A	OP1	102.06	17.614	-46.312	4.72424
8	4V4H	1	1	Lipophilic	24	100.12	21.095	-43.707	U	1498	A	C3'	98.787	17.539	-42.483	3.99
9	4V4H	1	1	HB	2	98.96	20.196	-43.854	A	1499	A	OP1	96.905	18.886	-44.092	2.44863
10	4V4H	1	1	HB	2	98.96	20.196	-43.854	A	1499	A	OP1	96.905	18.886	-44.092	2.44863
11	4V4H	1	1	HB	2	98.96	20.196	-43.854	A	1499	A	OP1	96.905	18.886	-44.092	2.44863
12	4V4H	1	1	HB	2	98.96	20.196	-43.854	A	1499	A	OP2	96.035	19.68	-41.814	3.60326
13	4V4H	1	1	HB	2	98.96	20.196	-43.854	A	1499	A	OP2	96.035	19.68	-41.814	3.60326
14	4V4H	1	1	HB	2	98.96	20.196	-43.854	A	1499	A	OP2	96.035	19.68	-41.814	3.60326
15	4V4H	1	1	CA	2	98.96	20.196	-43.854	A	1499	A	OP1	96.905	18.886	-44.092	2.44863
16	4V4H	1	1	HB	6	100.211	22.574	-39.514	G	1505	A	O6	100.422	24.786	-37.442	3.0382
17	4V4H	1	1	HB	6	100.211	22.574	-39.514	G	1505	A	N7	98.815	24.741	-40.084	2.64
18	4V4H	1	1	CA	2	98.96	20.196	-43.854	G	1505	A	OP2	95.409	22.01	-41.16	4.81226
19	4V4H	1	1	Lipophilic	20	98.746	24.97	-45.248	G	1505	A	C3'	96.3	26.521	-43.536	3.3644
20	4V4H	1	1	Lipophilic	20	98.746	24.97	-45.248	G	1505	A	C2'	97.227	27.565	-42.923	3.8009
21	4V4H	1	1	Lipophilic	7	101.521	22.974	-40.035	G	1505	A	C5	99.012	25.732	-39.132	3.8363
22	4V4H	1	1	Lipophilic	7	101.521	22.974	-40.035	G	1505	A	C6	99.762	25.714	-37.928	3.8783
23	4V4H	1	1	Lipophilic	1	99.784	22.339	-42.807	G	1505	A	C8	98.046	25.299	-40.977	3.8899
24	4V4H	1	1	CA	8	98.443	22.478	-48.243	U	1506	A	OP2	95.453	26.092	-47.23	4.79867
25	4V4H	1	1	CA	8	98.443	22.478	-48.243	U	1506	A	OP1	95.6	24.373	-45.327	4.49185
