	Ligand_name	Ligand_pose	Ligand_occurrence_in_sdf	Interaction	Ligand_Atom	Ligand_X	Ligand_Y	Ligand_Z	Receptor_Residue_Name	Receptor_Number	Receptor_Chain	Receptor_Atom	Receptor_X	Receptor_Y	Receptor_Z	Distance
0	2GQ4	1	1	HB	2	8.885	13.106	-7.823	G	85	M	O2'	9.993	10.195	-9.453	3.51546
1	2GQ4	1	1	Water-mediated	2	8.885	13.106	-7.823	HOH	316	N	O	7.542	11.446	-9.505	2.71816
2	HOH	0	1	Water-mediated	316:N	7.542	11.446	-9.505	G	85	M	O2'	9.993	10.195	-9.453	2.7523
3	2GQ4	1	1	Water-mediated	2	8.885	13.106	-7.823	HOH	316	N	O	7.542	11.446	-9.505	2.71816
4	HOH	0	1	Water-mediated	316:N	7.542	11.446	-9.505	G	85	M	O2'	9.993	10.195	-9.453	2.7523
5	2GQ4	1	1	Water-mediated	2	8.885	13.106	-7.823	HOH	316	N	O	7.542	11.446	-9.505	2.71816
6	HOH	0	1	Water-mediated	316:N	7.542	11.446	-9.505	G	85	M	N3	6.382	9.423	-7.697	2.9508
7	2GQ4	1	1	Water-mediated	2	8.885	13.106	-7.823	HOH	316	N	O	7.542	11.446	-9.505	2.71816
8	HOH	0	1	Water-mediated	316:N	7.542	11.446	-9.505	G	85	M	N3	6.382	9.423	-7.697	2.9508
9	2GQ4	1	1	Water-mediated	2	8.885	13.106	-7.823	HOH	316	N	O	7.542	11.446	-9.505	2.71816
10	HOH	0	1	Water-mediated	316:N	7.542	11.446	-9.505	G	86	M	O4'	7.496	9.293	-12.086	3.3614
11	2GQ4	1	1	Water-mediated	2	8.885	13.106	-7.823	HOH	316	N	O	7.542	11.446	-9.505	2.71816
12	HOH	0	1	Water-mediated	316:N	7.542	11.446	-9.505	G	86	M	O4'	7.496	9.293	-12.086	3.3614
13	2GQ4	1	1	HB	4	6.491	14.479	-8.002	G	92	N	O2'	4.398	16.426	-7.928	2.85953
14	2GQ4	1	1	HB	6	7.11	16.846	-9.271	G	92	N	O2'	4.398	16.426	-7.928	3.05532
15	2GQ4	1	1	HB	2	8.885	13.106	-7.823	G	92	N	N2	7.458	11.848	-5.436	3.05232
16	2GQ4	1	1	HB	4	6.491	14.479	-8.002	G	92	N	N2	7.458	11.848	-5.436	3.80021
17	2GQ4	1	1	HB	2	8.885	13.106	-7.823	G	92	N	N3	5.416	12.631	-6.21	3.85504
18	2GQ4	1	1	HB	4	6.491	14.479	-8.002	G	92	N	N3	5.416	12.631	-6.21	2.78962
19	2GQ4	1	1	HB	4	6.491	14.479	-8.002	C	93	N	O4'	5.976	16.423	-4.796	3.78455
