	Ligand_name	Ligand_pose	Ligand_occurrence_in_sdf	Interaction	Ligand_Atom	Ligand_X	Ligand_Y	Ligand_Z	Receptor_Residue_Name	Receptor_Number	Receptor_Chain	Receptor_Atom	Receptor_X	Receptor_Y	Receptor_Z	Distance
0	1G4Q	1	1	HB	4	4.097	3.817	33.455	A	4	A	N7	6.041	6.567	34.181	3.4451
1	1G4Q	1	1	Lipophilic	8	6.621	3.028	34.737	A	4	A	C5	6.806	6.293	33.035	3.6866
2	1G4Q	1	1	Lipophilic	8	6.621	3.028	34.737	A	4	A	C6	8.116	5.801	32.889	3.6523
3	1G4Q	1	1	Lipophilic	3	3.414	3.433	34.628	A	4	A	C8	4.896	6.999	33.688	3.9745
4	1G4Q	1	1	HB	4	4.097	3.817	33.455	G	5	A	N7	5.433	3.29	30.945	2.89184
5	1G4Q	1	1	HB	4	4.097	3.817	33.455	G	5	A	OP2	1.224	3.35	32.508	3.06089
6	1G4Q	1	1	Water-mediated	1	2.979	2.168	34.087	HOH	211	A	O	3.747	0.776	31.861	2.73543
7	HOH	0	1	Water-mediated	211:A	3.747	0.776	31.861	G	5	A	N7	5.433	3.29	30.945	3.1626
8	1G4Q	1	1	Water-mediated	1	2.979	2.168	34.087	HOH	211	A	O	3.747	0.776	31.861	2.73543
9	HOH	0	1	Water-mediated	211:A	3.747	0.776	31.861	G	5	A	N7	5.433	3.29	30.945	3.1626
10	1G4Q	1	1	Lipophilic	8	6.621	3.028	34.737	G	5	A	C6	7.671	2.087	31.267	3.7455
11	1G4Q	1	1	HB	7	4.725	0.953	34.473	A	6	A	N6	7.819	0.004	34.518	3.23658
12	1G4Q	1	1	HB	7	4.725	0.953	34.473	A	6	A	N7	5.837	-0.579	32.245	2.92362
13	1G4Q	1	1	Water-mediated	1	2.979	2.168	34.087	HOH	211	A	O	3.747	0.776	31.861	2.73543
14	HOH	0	1	Water-mediated	211:A	3.747	0.776	31.861	A	6	A	N7	5.837	-0.579	32.245	2.5202
15	1G4Q	1	1	Water-mediated	1	2.979	2.168	34.087	HOH	211	A	O	3.747	0.776	31.861	2.73543
16	HOH	0	1	Water-mediated	211:A	3.747	0.776	31.861	A	6	A	N7	5.837	-0.579	32.245	2.5202
17	1G4Q	1	1	Water-mediated	1	2.979	2.168	34.087	HOH	211	A	O	3.747	0.776	31.861	2.73543
18	HOH	0	1	Water-mediated	211:A	3.747	0.776	31.861	A	6	A	OP2	1.38	-0.44	30.912	2.8252
19	1G4Q	1	1	Water-mediated	1	2.979	2.168	34.087	HOH	211	A	O	3.747	0.776	31.861	2.73543
20	HOH	0	1	Water-mediated	211:A	3.747	0.776	31.861	A	6	A	OP2	1.38	-0.44	30.912	2.8252
