	Ligand_name	Ligand_pose	Ligand_occurrence_in_sdf	Interaction	Ligand_Atom	Ligand_X	Ligand_Y	Ligand_Z	Receptor_Residue_Name	Receptor_Number	Receptor_Chain	Receptor_Atom	Receptor_X	Receptor_Y	Receptor_Z	Distance
0	3OWW	1	1	CA	1	-2.033	-48.146	11.078	A	34	A	OP2	-0.09	-44.837	10.264	3.92267
1	3OWW	1	1	HB	1	-2.033	-48.146	11.078	G	35	A	O6	-1.682	-49.519	8.884	2.61189
2	3OWW	1	1	HB	1	-2.033	-48.146	11.078	G	35	A	O6	-1.682	-49.519	8.884	2.61189
3	3OWW	1	1	HB	1	-2.033	-48.146	11.078	G	35	A	O6	-1.682	-49.519	8.884	2.61189
4	3OWW	1	1	HB	1	-2.033	-48.146	11.078	G	36	A	O6	-5.161	-48.287	10.194	3.25357
5	3OWW	1	1	HB	1	-2.033	-48.146	11.078	G	36	A	O6	-5.161	-48.287	10.194	3.25357
6	3OWW	1	1	HB	1	-2.033	-48.146	11.078	G	36	A	O6	-5.161	-48.287	10.194	3.25357
7	3OWW	1	1	HB	1	-2.033	-48.146	11.078	C	68	A	N4	-5.234	-48.364	13.153	3.82094
8	3OWW	1	1	HB	1	-2.033	-48.146	11.078	C	68	A	N4	-5.234	-48.364	13.153	3.82094
9	3OWW	1	1	HB	1	-2.033	-48.146	11.078	C	68	A	N4	-5.234	-48.364	13.153	3.82094
10	3OWW	1	1	HB	1	-2.033	-48.146	11.078	U	69	A	O2	-1.794	-50.646	13.434	3.44352
11	3OWW	1	1	HB	1	-2.033	-48.146	11.078	U	69	A	O2	-1.794	-50.646	13.434	3.44352
12	3OWW	1	1	HB	1	-2.033	-48.146	11.078	U	69	A	O2	-1.794	-50.646	13.434	3.44352
13	3OWW	1	1	HB	1	-2.033	-48.146	11.078	C	70	A	N4	-2.378	-51.492	10.815	3.37401
14	3OWW	1	1	HB	1	-2.033	-48.146	11.078	C	70	A	N4	-2.378	-51.492	10.815	3.37401
15	3OWW	1	1	HB	1	-2.033	-48.146	11.078	C	70	A	N4	-2.378	-51.492	10.815	3.37401
16	3OWW	1	1	HB	1	-2.033	-48.146	11.078	A	71	A	N1	1.312	-48.705	10.248	3.49148
17	3OWW	1	1	HB	1	-2.033	-48.146	11.078	A	71	A	N1	1.312	-48.705	10.248	3.49148
18	3OWW	1	1	HB	1	-2.033	-48.146	11.078	A	71	A	N1	1.312	-48.705	10.248	3.49148
19	3OWW	1	1	HB	1	-2.033	-48.146	11.078	A	71	A	N6	1.037	-49.857	12.239	3.7014
20	3OWW	1	1	HB	1	-2.033	-48.146	11.078	A	71	A	N6	1.037	-49.857	12.239	3.7014
21	3OWW	1	1	HB	1	-2.033	-48.146	11.078	A	71	A	N6	1.037	-49.857	12.239	3.7014
