	Ligand_name	Ligand_pose	Ligand_occurrence_in_sdf	Interaction	Ligand_Atom	Ligand_X	Ligand_Y	Ligand_Z	Receptor_Residue_Name	Receptor_Number	Receptor_Chain	Receptor_Atom	Receptor_X	Receptor_Y	Receptor_Z	Distance
0	1JZZ	1	1	HB	18	45.366	118.9	118.224	A	2041	A	N1	42.736	118.182	117.453	2.83317
1	1JZZ	1	1	Lipophilic	40	45.983	119.749	117.259	A	2041	A	C2	42.259	119.053	118.351	3.9427
2	1JZZ	1	1	Lipophilic	48	44.595	120.698	120.613	A	2041	A	C2	42.259	119.053	118.351	3.6441
3	1JZZ	1	1	HB	22	45.216	124.453	117.48	A	2042	A	N3	42.451	123.329	115.244	3.72938
4	1JZZ	1	1	Lipophilic	13	44.586	124.044	118.746	A	2042	A	C2	43.402	122.434	115.499	3.8127
5	1JZZ	1	1	Lipophilic	49	43.035	123.895	118.724	A	2042	A	C2	43.402	122.434	115.499	3.5595
6	1JZZ	1	1	HB	22	45.216	124.453	117.48	A	2045	A	N6	47.621	125.5	114.958	3.63878
7	1JZZ	1	1	Lipophilic	55	47.378	130.036	118.775	A	2045	A	C2	46.746	128.888	115.391	3.6289
8	1JZZ	1	1	Lipophilic	46	46.086	117.736	114.771	A	2482	A	C2'	45.466	118.434	111.254	3.6388
9	1JZZ	1	1	HB	2	46.928	117.78	115.994	G	2484	A	OP2	46.697	114.723	113.926	3.698
10	1JZZ	1	1	CA	2	46.928	117.78	115.994	G	2484	A	OP2	46.697	114.723	113.926	3.698
11	1JZZ	1	1	CA	2	46.928	117.78	115.994	G	2484	A	OP1	47.31	113.156	115.864	4.64157
12	1JZZ	1	1	Lipophilic	45	48.112	116.917	115.931	G	2484	A	C5'	50.128	113.612	115.212	3.9375
13	1JZZ	1	1	Lipophilic	45	48.112	116.917	115.931	G	2484	A	C4'	51.258	114.594	115.409	3.9454
14	1JZZ	1	1	Lipophilic	45	48.112	116.917	115.931	G	2484	A	C1'	51.815	116.329	116.882	3.8681
15	1JZZ	1	1	Lipophilic	45	48.112	116.917	115.931	G	2484	A	C8	50.112	116.336	118.776	3.5258
16	1JZZ	1	1	HB	26	46.002	127.935	124.875	U	2588	A	N3	46.289	130.712	126.967	3.48863
17	1JZZ	1	1	HB	26	46.002	127.935	124.875	U	2588	A	O4	46.745	131.685	124.982	3.8244
18	1JZZ	1	1	Lipophilic	54	47.255	124.368	126.852	U	2588	A	C3'	49.641	126.825	128.733	3.9074
19	1JZZ	1	1	Lipophilic	53	46.476	125.476	126.31	U	2588	A	C2'	48.174	127.125	129.039	3.6125
20	1JZZ	1	1	Lipophilic	54	47.255	124.368	126.852	U	2588	A	C2'	48.174	127.125	129.039	3.6371
21	1JZZ	1	1	Lipophilic	54	47.255	124.368	126.852	C	2589	A	C5'	48.572	122.692	129.279	3.2301
22	1JZZ	1	1	Lipophilic	54	47.255	124.368	126.852	C	2589	A	C4'	48.697	121.598	128.236	3.4158
23	1JZZ	1	1	Lipophilic	47	45.875	120.787	123.492	U	2590	A	C5	44.124	117.515	124.246	3.7869
24	1JZZ	1	1	Lipophilic	47	45.875	120.787	123.492	U	2590	A	C6	43.822	118.396	125.209	3.5888
