	Ligand_name	Ligand_pose	Ligand_occurrence_in_sdf	Interaction	Ligand_Atom	Ligand_X	Ligand_Y	Ligand_Z	Receptor_Residue_Name	Receptor_Number	Receptor_Chain	Receptor_Atom	Receptor_X	Receptor_Y	Receptor_Z	Distance
0	2DQQ	1	1	HB	5	14.782	27.023	6.975	DC	1	A	N4	16.271	26.479	9.815	3.25248
1	2DQQ	1	1	HB	5	14.782	27.023	6.975	DC	1	A	N4	16.271	26.479	9.815	3.25248
2	2DQQ	1	1	HB	5	14.782	27.023	6.975	DC	1	A	N4	16.271	26.479	9.815	3.25248
3	2DQQ	1	1	Lipophilic	4	17.768	22.63	7.438	DC	1	A	C5	17.63	24.7	10.662	3.8338
4	2DQQ	1	1	HB	2	16.32	22.934	7.437	OMU	2	A	O4	13.926	24.106	7.102	2.68646
5	2DQQ	1	1	HB	5	14.782	27.023	6.975	OMU	2	A	O4	13.926	24.106	7.102	3.04266
6	2DQQ	1	1	HB	5	14.782	27.023	6.975	OMU	2	A	O4	13.926	24.106	7.102	3.04266
7	2DQQ	1	1	HB	5	14.782	27.023	6.975	OMU	2	A	O4	13.926	24.106	7.102	3.04266
8	2DQQ	1	1	Lipophilic	4	17.768	22.63	7.438	OMU	2	A	C5	14.175	22.419	8.759	3.834
9	2DQQ	1	1	HB	5	14.782	27.023	6.975	A	17	B	N6	12.662	26.269	5.404	2.74426
10	2DQQ	1	1	HB	5	14.782	27.023	6.975	A	17	B	N6	12.662	26.269	5.404	2.74426
11	2DQQ	1	1	HB	5	14.782	27.023	6.975	A	17	B	N6	12.662	26.269	5.404	2.74426
12	2DQQ	1	1	HB	5	14.782	27.023	6.975	G	18	B	O6	13.659	27.299	8.944	2.28348
13	2DQQ	1	1	HB	5	14.782	27.023	6.975	G	18	B	O6	13.659	27.299	8.944	2.28348
14	2DQQ	1	1	HB	5	14.782	27.023	6.975	G	18	B	O6	13.659	27.299	8.944	2.28348
