	Ligand_name	Ligand_pose	Ligand_occurrence_in_sdf	Interaction	Ligand_Atom	Ligand_X	Ligand_Y	Ligand_Z	Receptor_Residue_Name	Receptor_Number	Receptor_Chain	Receptor_Atom	Receptor_X	Receptor_Y	Receptor_Z	Distance
0	2O3Y	1	1	CA	1	10.536	14.601	14.244	C	12	A	OP2	10.078	14.363	9.366	4.90523
1	2O3Y	1	1	CA	10	14.037	11.022	9.959	C	12	A	OP2	10.078	14.363	9.366	5.21417
2	2O3Y	1	1	CA	1	10.536	14.601	14.244	C	12	A	OP1	7.913	15.521	10.098	4.99158
3	2O3Y	1	1	CA	1	10.536	14.601	14.244	G	13	A	OP2	7.439	11.037	11.855	5.29158
4	2O3Y	1	1	CA	1	10.536	14.601	14.244	G	31	B	OP1	14.687	16.246	15.518	4.64326
5	2O3Y	1	1	CA	1	10.536	14.601	14.244	G	31	B	OP2	14.84	13.909	16.585	4.94809
6	2O3Y	1	1	CA	5	12.452	10.295	14.077	G	31	B	OP2	14.84	13.909	16.585	5.00536
7	2O3Y	1	1	HB	14	17.943	13.419	11.551	C	32	B	OP1	21.075	14.774	12.652	3.58576
8	2O3Y	1	1	HB	14	17.943	13.419	11.551	C	32	B	OP1	21.075	14.774	12.652	3.58576
9	2O3Y	1	1	HB	14	17.943	13.419	11.551	C	32	B	OP1	21.075	14.774	12.652	3.58576
10	2O3Y	1	1	HB	14	17.943	13.419	11.551	C	32	B	OP2	19.471	12.926	13.414	2.45939
11	2O3Y	1	1	HB	14	17.943	13.419	11.551	C	32	B	OP2	19.471	12.926	13.414	2.45939
12	2O3Y	1	1	HB	14	17.943	13.419	11.551	C	32	B	OP2	19.471	12.926	13.414	2.45939
13	2O3Y	1	1	CA	14	17.943	13.419	11.551	C	32	B	OP1	21.075	14.774	12.652	3.58576
14	2O3Y	1	1	CA	14	17.943	13.419	11.551	C	32	B	OP2	19.471	12.926	13.414	2.45939
