	Ligand_name	Ligand_pose	Ligand_occurrence_in_sdf	Interaction	Ligand_Atom	Ligand_X	Ligand_Y	Ligand_Z	Receptor_Residue_Name	Receptor_Number	Receptor_Chain	Receptor_Atom	Receptor_X	Receptor_Y	Receptor_Z	Distance
0	2H0Z	1	1	HB	8	42.386	11.51	14.241	G	1	A	O5'	42.46	10.942	16.869	2.6897
1	2H0Z	1	1	HB	8	42.386	11.51	14.241	G	1	A	OP1	40.389	9.57	16.347	3.49097
2	2H0Z	1	1	HB	6	44.57	9.627	13.86	G	1	A	OP2	42.742	8.674	15.863	2.87434
3	2H0Z	1	1	HB	8	42.386	11.51	14.241	G	1	A	OP2	42.742	8.674	15.863	3.28641
4	2H0Z	1	1	Lipophilic	5	44.812	10.998	14.233	G	1	A	C2	47.929	13.142	15.246	3.9165
5	2H0Z	1	1	Lipophilic	13	46.114	11.403	12.242	G	1	A	C2	47.929	13.142	15.246	3.9169
6	2H0Z	1	1	Lipophilic	15	47.456	11.929	11.739	G	1	A	C2	47.929	13.142	15.246	3.7409
7	2H0Z	1	1	Lipophilic	5	44.812	10.998	14.233	G	1	A	C4	46.099	14.045	16.115	3.8056
8	2H0Z	1	1	Lipophilic	7	43.686	11.942	13.718	G	1	A	C4	46.099	14.045	16.115	3.9988
9	2H0Z	1	1	Lipophilic	7	43.686	11.942	13.718	G	1	A	C5	45.844	14.863	15.034	3.8628
10	2H0Z	1	1	Lipophilic	11	45.024	12.329	11.668	G	1	A	C6	46.728	14.82	13.917	3.7639
11	2H0Z	1	1	Lipophilic	13	46.114	11.403	12.242	G	1	A	C6	46.728	14.82	13.917	3.8547
12	2H0Z	1	1	Lipophilic	15	47.456	11.929	11.739	G	1	A	C6	46.728	14.82	13.917	3.6921
13	2H0Z	1	1	HB	6	44.57	9.627	13.86	C	2	A	N4	47.66	9.129	15.131	3.3781
14	2H0Z	1	1	Lipophilic	5	44.812	10.998	14.233	C	2	A	C4	47.185	8.644	16.275	3.9169
15	2H0Z	1	1	Lipophilic	5	44.812	10.998	14.233	C	2	A	C5	46.354	9.454	17.101	3.6038
16	2H0Z	1	1	HB	10	42.659	12.738	11.661	A	50	B	O2'	40.77	11.031	9.646	3.24691
17	2H0Z	1	1	HB	8	42.386	11.51	14.241	U	51	B	O4	40.252	13.982	14.848	3.32162
18	2H0Z	1	1	HB	10	42.659	12.738	11.661	U	51	B	OP2	41.759	14.797	8.701	3.71633
19	2H0Z	1	1	HB	6	44.57	9.627	13.86	G	65	B	N1	45.622	6.801	13.873	3.01548
20	2H0Z	1	1	HB	6	44.57	9.627	13.86	G	65	B	N2	44.436	6.279	15.781	3.86229
21	2H0Z	1	1	HB	6	44.57	9.627	13.86	G	65	B	O6	46.703	7.474	11.983	3.56486
22	2H0Z	1	1	HB	6	44.57	9.627	13.86	G	66	B	N2	42.828	8.639	10.921	3.55646
