	Ligand_name	Ligand_pose	Ligand_occurrence_in_sdf	Interaction	Ligand_Atom	Ligand_X	Ligand_Y	Ligand_Z	Receptor_Residue_Name	Receptor_Number	Receptor_Chain	Receptor_Atom	Receptor_X	Receptor_Y	Receptor_Z	Distance
0	1NWY	1	1	HB	10	45.068	121.104	118.805	A	2041	0	N1	42.4	120.59	119.832	2.90468
1	1NWY	1	1	HB	10	45.068	121.104	118.805	A	2041	0	N6	42.7	119.614	117.761	2.98621
2	1NWY	1	1	HB	10	45.068	121.104	118.805	A	2042	0	N1	43.263	121.151	115.376	3.87534
3	1NWY	1	1	Lipophilic	8	46.011	122.023	118.276	A	2042	0	C2	43.25	122.405	115.846	3.6978
4	1NWY	1	1	Lipophilic	33	46.482	120.851	115.343	A	2042	0	C2	43.25	122.405	115.846	3.6213
5	1NWY	1	1	Lipophilic	33	46.482	120.851	115.343	A	2482	0	C2	46.055	123.695	112.812	3.831
6	1NWY	1	1	CA	14	46.831	120.27	116.688	U	2483	0	OP2	44.595	116.525	113.626	5.32922
7	1NWY	1	1	HB	19	50.876	121.517	120.815	G	2484	0	N1	53.497	119.388	122.307	3.69166
8	1NWY	1	1	HB	19	50.876	121.517	120.815	G	2484	0	N3	53.467	119.47	119.93	3.41858
9	1NWY	1	1	CA	14	46.831	120.27	116.688	G	2484	0	OP2	46.386	116.25	115.758	4.1501
10	1NWY	1	1	CA	14	46.831	120.27	116.688	G	2484	0	OP1	47.607	115.333	117.821	5.12443
11	1NWY	1	1	Lipophilic	31	50.958	121.175	123.75	G	2484	0	C6	52.507	118.427	122.474	3.4028
12	1NWY	1	1	Lipophilic	45	45.33	128.968	127.297	U	2588	0	C2	47.039	130.315	130.205	3.632
13	1NWY	1	1	Lipophilic	45	45.33	128.968	127.297	U	2588	0	C4	47.137	131.767	128.216	3.456
14	1NWY	1	1	Lipophilic	45	45.33	128.968	127.297	U	2588	0	C5	48.33	131.082	127.827	3.7081
15	1NWY	1	1	Lipophilic	45	45.33	128.968	127.297	U	2588	0	C6	48.811	130.098	128.594	3.8828
16	1NWY	1	1	Lipophilic	46	47.128	125.296	125.487	C	2589	0	C5'	47.422	123.99	128.891	3.6578
17	1NWY	1	1	Lipophilic	46	47.128	125.296	125.487	C	2589	0	C4'	47.845	122.811	128.034	3.6299
18	1NWY	1	1	Lipophilic	9	49.714	123.344	123.83	C	2589	0	C1'	49.749	121.939	126.994	3.4621
19	1NWY	1	1	Lipophilic	31	50.958	121.175	123.75	C	2589	0	C1'	49.749	121.939	126.994	3.5453
20	1NWY	1	1	Lipophilic	31	50.958	121.175	123.75	C	2589	0	C2	52.079	121.062	127.22	3.6483
21	1NWY	1	1	Pi_Cation	14	46.831	120.27	116.688	A	2482	0	N1,C2,N3,C4,C5,C6	44.88667	123.3385	112.46217	5.57259
