	Ligand_name	Ligand_pose	Ligand_occurrence_in_sdf	Interaction	Ligand_Atom	Ligand_X	Ligand_Y	Ligand_Z	Receptor_Residue_Name	Receptor_Number	Receptor_Chain	Receptor_Atom	Receptor_X	Receptor_Y	Receptor_Z	Distance
0	2GUN	1	1	HB	1	12.34	12.594	-13.104	A	15	B	OP1	14.242	12.279	-10.06	3.60316
1	2GUN	1	1	HB	1	12.34	12.594	-13.104	A	15	B	OP1	14.242	12.279	-10.06	3.60316
2	2GUN	1	1	HB	1	12.34	12.594	-13.104	A	15	B	OP1	14.242	12.279	-10.06	3.60316
3	2GUN	1	1	HB	2	16.283	9.911	-11.402	A	15	B	OP1	14.242	12.279	-10.06	3.40207
4	2GUN	1	1	HB	2	16.283	9.911	-11.402	A	15	B	OP1	14.242	12.279	-10.06	3.40207
5	2GUN	1	1	HB	2	16.283	9.911	-11.402	A	15	B	OP1	14.242	12.279	-10.06	3.40207
6	2GUN	1	1	CA	1	12.34	12.594	-13.104	A	15	B	OP1	14.242	12.279	-10.06	3.60316
7	2GUN	1	1	CA	2	16.283	9.911	-11.402	A	15	B	OP1	14.242	12.279	-10.06	3.40207
8	2GUN	1	1	CA	8	16.268	12.935	-14.689	A	15	B	OP1	14.242	12.279	-10.06	5.09536
9	2GUN	1	1	CA	1	12.34	12.594	-13.104	A	15	B	OP2	12.256	13.018	-8.619	4.50578
10	2GUN	1	1	CA	2	16.283	9.911	-11.402	G	16	B	OP1	13.697	5.993	-9.33	5.1314
11	2GUN	1	1	CA	2	16.283	9.911	-11.402	G	16	B	OP2	11.933	7.834	-8.95	5.40821
