	Ligand_name	Ligand_pose	Ligand_occurrence_in_sdf	Interaction	Ligand_Atom	Ligand_X	Ligand_Y	Ligand_Z	Receptor_Residue_Name	Receptor_Number	Receptor_Chain	Receptor_Atom	Receptor_X	Receptor_Y	Receptor_Z	Distance
0	1W86_LNA.pdb	1	1	HB	183	2.796	-6.819	0.433	DT	10	B	O4	-0.589	-7.732	-0.538	3.63794
1	1W86_LNA.pdb	1	1	HB	183	2.796	-6.819	0.433	DT	10	B	O4	-0.589	-7.732	-0.538	3.63794
2	1W86_LNA.pdb	1	1	Lipophilic	150	1.605	-5.331	-4.099	DT	10	B	C7	-1.434	-7.552	-3.367	3.8346
3	1W86_LNA.pdb	1	1	HB	147	1.633	-4.11	-1.399	DC	11	B	 N4 	-1.132	-4.618	-0.356	2.99852
4	1W86_LNA.pdb	1	1	HB	147	1.633	-4.11	-1.399	DC	11	B	 N4 	-1.132	-4.618	-0.356	2.99852
5	1W86_LNA.pdb	1	1	HB	116	0.406	-1.125	-1.801	DT	12	B	O4	-1.498	-1.315	0.587	3.06004
6	1W86_LNA.pdb	1	1	HB	116	0.406	-1.125	-1.801	DT	12	B	O4	-1.498	-1.315	0.587	3.06004
7	1W86_LNA.pdb	1	1	Lipophilic	83	-3.972	0.994	-3.062	DT	12	B	C7	-4.405	-1.264	0.112	3.9192
8	1W86_LNA.pdb	1	1	HB	80	-1.314	1.892	-2.203	DC	13	B	 N4 	-1.348	1.85	1.501	3.70439
9	1W86_LNA.pdb	1	1	HB	80	-1.314	1.892	-2.203	DC	13	B	 N4 	-1.348	1.85	1.501	3.70439
10	1W86_LNA.pdb	1	1	HB	49	-1.845	5.422	-1.859	DT	14	B	O4	-0.44	5.042	1.159	3.35063
11	1W86_LNA.pdb	1	1	HB	49	-1.845	5.422	-1.859	DT	14	B	O4	-0.44	5.042	1.159	3.35063
