	Ligand_name	Ligand_pose	Ligand_occurrence_in_sdf	Interaction	Ligand_Atom	Ligand_X	Ligand_Y	Ligand_Z	Receptor_Residue_Name	Receptor_Number	Receptor_Chain	Receptor_Atom	Receptor_X	Receptor_Y	Receptor_Z	Distance
0	1XBP	1	1	Lipophilic	23	49.767	119.575	111.46	G	2044	0	C5	49.205	122.268	109.169	3.5801
1	1XBP	1	1	Lipophilic	23	49.767	119.575	111.46	G	2044	0	C6	50.565	121.887	109.082	3.4113
2	1XBP	1	1	Lipophilic	34	52.038	130.618	115.284	A	2045	0	C4	48.296	130.943	115.38	3.7573
3	1XBP	1	1	Lipophilic	34	52.038	130.618	115.284	A	2045	0	C5	48.23	129.599	115.722	3.9662
4	1XBP	1	1	Lipophilic	4	54.88	125.737	112.87	C	2046	0	C1'	54.868	128.187	109.885	3.8617
5	1XBP	1	1	Lipophilic	4	54.88	125.737	112.87	C	2046	0	C2	54.626	125.857	109.196	3.6847
6	1XBP	1	1	Lipophilic	13	53.972	119.775	110.846	A	2430	0	C6	54.734	121.167	107.453	3.7458
7	1XBP	1	1	Lipophilic	23	49.767	119.575	111.46	A	2482	0	C2'	45.909	119.49	111.47	3.8589
8	1XBP	1	1	Lipophilic	26	50.014	123.219	114.49	A	2482	0	C2	47.092	124.013	113.794	3.1069
9	1XBP	1	1	Lipophilic	1	51.312	117.129	112.069	U	2483	0	C4	50.342	115.712	108.606	3.8654
10	1XBP	1	1	Lipophilic	1	51.312	117.129	112.069	U	2483	0	C5	49.229	116.019	109.423	3.5457
11	1XBP	1	1	Lipophilic	1	51.312	117.129	112.069	U	2483	0	C6	48.766	115.096	110.282	3.716
12	1XBP	1	1	HB	6	49.028	119.636	114.067	G	2484	0	OP2	48.191	116.76	114.056	2.99534
13	1XBP	1	1	Lipophilic	21	55.226	119.055	114.524	U	2485	0	C5'	54.811	116.57	117.392	3.8174
14	1XBP	1	1	Lipophilic	21	55.226	119.055	114.524	U	2485	0	C4'	56.191	117.026	117.012	3.3523
15	1XBP	1	1	Lipophilic	21	55.226	119.055	114.524	U	2485	0	C1'	57.453	118.951	117.126	3.4265
16	1XBP	1	1	Pi_Cation	2	53.539	128.667	115.359	A	2045	0	C4,C5,N7,C8,N9	48.1268	130.0062	114.6642	5.61855
17	1XBP	1	1	Pi_Cation	2	53.539	128.667	115.359	A	2045	0	N1,C2,N3,C4,C5,C6	48.42867	130.613	116.64383	5.61722
