	Ligand_name	Ligand_pose	Ligand_occurrence_in_sdf	Interaction	Ligand_Atom	Ligand_X	Ligand_Y	Ligand_Z	Receptor_Residue_Name	Receptor_Number	Receptor_Chain	Receptor_Atom	Receptor_X	Receptor_Y	Receptor_Z	Distance
0	3L3C	1	1	HB	6	21.477	19.865	65.003	G	1	G	O5'	18.002	21.084	66.261	3.89155
1	3L3C	1	1	HB	8	18.995	19.496	63.858	G	1	G	O5'	18.002	21.084	66.261	3.04667
2	3L3C	1	1	HB	6	21.477	19.865	65.003	G	1	G	OP2	20.212	20.295	67.099	2.48563
3	3L3C	1	1	HB	8	18.995	19.496	63.858	G	1	G	OP2	20.212	20.295	67.099	3.55297
4	3L3C	1	1	HB	10	19.635	18.896	61.078	A	42	R	O2'	21.303	16.015	61.769	3.39998
5	3L3C	1	1	HB	12	22.328	19.245	60.323	A	42	R	O2'	21.303	16.015	61.769	3.68435
6	3L3C	1	1	HB	8	18.995	19.496	63.858	U	43	R	O4	15.911	18.736	63.869	3.17628
7	3L3C	1	1	HB	10	19.635	18.896	61.078	U	43	R	OP2	19.343	17.113	58.859	2.86152
8	3L3C	1	1	HB	6	21.477	19.865	65.003	G	57	R	N1	24.419	20.335	66.27	3.23752
9	3L3C	1	1	HB	6	21.477	19.865	65.003	G	57	R	N2	23.25	20.749	68.219	3.77725
10	3L3C	1	1	HB	6	21.477	19.865	65.003	A	58	R	N3	23.512	17.016	65.754	3.58079
