	Ligand_name	Ligand_pose	Ligand_occurrence_in_sdf	Interaction	Ligand_Atom	Ligand_X	Ligand_Y	Ligand_Z	Receptor_Residue_Name	Receptor_Number	Receptor_Chain	Receptor_Atom	Receptor_X	Receptor_Y	Receptor_Z	Distance
0	3DLL	1	1	Lipophilic	6	52.115	118.883	111.633	G	2044	X	C6	50.792	121.515	109.478	3.6499
1	3DLL	1	1	Lipophilic	1	55.715	118.288	111.885	C	2431	X	C1'	57.637	115.516	110.893	3.516
2	3DLL	1	1	Lipophilic	3	56.936	118.938	112.118	C	2431	X	C1'	57.637	115.516	110.893	3.7016
3	3DLL	1	1	Lipophilic	1	55.715	118.288	111.885	C	2431	X	C2	55.459	115.159	109.852	3.7402
4	3DLL	1	1	HB	11	50.128	119.77	113.554	A	2482	X	O2'	46.495	118.481	112.985	3.89666
5	3DLL	1	1	Lipophilic	13	47.728	120.228	113.63	A	2482	X	C2'	45.366	119.156	112.513	2.8242
6	3DLL	1	1	Lipophilic	13	47.728	120.228	113.63	A	2482	X	C1'	45.83	120.272	111.583	2.7919
7	3DLL	1	1	Lipophilic	13	47.728	120.228	113.63	A	2482	X	C4	44.953	122.54	112.356	3.83
8	3DLL	1	1	Lipophilic	13	47.728	120.228	113.63	A	2482	X	C8	47.121	122.315	112.254	2.5724
9	3DLL	1	1	HB	11	50.128	119.77	113.554	G	2484	X	OP2	48.189	116.83	113.553	3.52184
10	3DLL	1	1	Lipophilic	20	59.558	122.843	113.484	U	2564	X	C2	60.814	125.678	114.578	3.2881
11	3DLL	1	1	Lipophilic	20	59.558	122.843	113.484	U	2564	X	C4	62.807	124.67	113.508	3.7275
12	3DLL	1	1	Pi_Stacking	1,2,5,16,17,3	55.743	119.51033	112.56783	A	2430	X	N1,C2,N3,C4,C5,C6	56.0525	121.60683	108.17233	4.87971
