	Ligand_name	Ligand_pose	Ligand_occurrence_in_sdf	Interaction	Ligand_Atom	Ligand_X	Ligand_Y	Ligand_Z	Receptor_Residue_Name	Receptor_Number	Receptor_Chain	Receptor_Atom	Receptor_X	Receptor_Y	Receptor_Z	Distance
0	1M90	1	1	HB	1	71.529	120.46	97.337	A	9076	5	O3'	74.022	117.872	97.723	3.61411
1	1M90	1	1	Lipophilic	2	72.587	119.525	96.893	A	9076	5	C3'	74.535	116.964	98.687	3.684
2	1M90	1	1	Lipophilic	15	67.906	121.244	96.896	G	2102	A	C2	66.75	119.045	93.974	3.8354
3	1M90	1	1	Lipophilic	9	73.015	121.162	92.904	C	2104	A	C5'	73.019	118.172	90.732	3.6956
4	1M90	1	1	Lipophilic	7	73.053	120.521	94.134	C	2104	A	C4'	72.8	117.601	92.111	3.5613
5	1M90	1	1	Lipophilic	9	73.015	121.162	92.904	C	2104	A	C4'	72.8	117.601	92.111	3.6546
6	1M90	1	1	HB	19	63.131	122.702	97.211	A	2538	A	O2'	60.514	123.95	95.199	3.52907
7	1M90	1	1	HB	19	63.131	122.702	97.211	A	2538	A	O2'	60.514	123.95	95.199	3.52907
8	1M90	1	1	HB	19	63.131	122.702	97.211	A	2538	A	O2'	60.514	123.95	95.199	3.52907
9	1M90	1	1	Lipophilic	17	65.558	121.892	96.948	A	2538	A	C8	63.844	122.486	93.527	3.8722
10	1M90	1	1	Lipophilic	18	64.535	122.887	97.409	A	2538	A	C8	63.844	122.486	93.527	3.9634
11	1M90	1	1	CA	19	63.131	122.702	97.211	G	2540	A	OP2	59.269	126.321	98.306	5.40474
12	1M90	1	1	Lipophilic	5	73.885	120.324	96.508	U	2620	A	C2	75.054	122.129	99.377	3.5855
13	1M90	1	1	Pi_Cation	19	63.131	122.702	97.211	G	2102	A	N1,C2,N3,C4,C5,C6	65.4395	118.854	93.85933	5.60089
